bank_ref,voucher_no,match_type
,JV005505,deposit_in_transit
,JV005530,deposit_in_transit
,JV005590,outstanding_payment
,JV005597,outstanding_payment
,JV005631,outstanding_payment
,JV005651,outstanding_payment
,JV005660,outstanding_payment
,JV005665,outstanding_payment
,JV005670,outstanding_payment
,JV005673,outstanding_payment
,JV005681,outstanding_payment
,JV005687,outstanding_payment
,JV005688,outstanding_payment
,JV005702,outstanding_payment
BR000001,JV000010,one_to_one
BR000002,JV000026,one_to_one
BR000003,JV000011,one_to_one
BR000004,JV000028,one_to_one
BR000005,JV000025,one_to_one
BR000006,JV000014,one_to_one
BR000007,JV000033,one_to_one
BR000008,JV000022,one_to_one
BR000009,JV000027,one_to_one
BR000010,JV000015,one_to_one
BR000011,JV000048,one_to_one
BR000012,JV000069,one_to_one
BR000013,JV000047,one_to_one
BR000014,JV000044,one_to_one
BR000015,JV000075,one_to_one
BR000016,JV000063,one_to_one
BR000017,JV000043,one_to_one
BR000018,JV000053,one_to_one
BR000019,JV000109,one_to_one
BR000020,JV000095,one_to_one
BR000021,JV000101,one_to_one
BR000022,JV000064,one_to_one
BR000023,JV000099,one_to_one
BR000024,JV000079,one_to_one
BR000025,JV000110,one_to_one
BR000026,JV000068,one_to_one
BR000027,JV000121,one_to_one
BR000028,JV000106,one_to_one
BR000029,JV000116,one_to_one
BR000030,JV000168,one_to_one
BR000031,JV000149,one_to_one
BR000032,JV000163,one_to_one
BR000033,JV000138,one_to_one
BR000034,JV000150,one_to_one
BR000035,JV000158,one_to_one
BR000036,JV000134,one_to_one
BR000037,JV000177,one_to_one
BR000038,JV000160,one_to_one
BR000039,JV000166,one_to_one
BR000040,JV000173,one_to_one
BR000041,JV000151,one_to_one
BR000042,JV000183,one_to_one
BR000043,JV000205,one_to_one
BR000044,JV000169,one_to_one
BR000045,JV000200,one_to_one
BR000046,JV000197,one_to_one
BR000047,JV000170,one_to_one
BR000048,JV000231,one_to_one
BR000049,JV000235,one_to_one
BR000050,JV000233,one_to_one
BR000051,JV000241,one_to_one
BR000052,JV000242,one_to_one
BR000053,JV000253,one_to_one
BR000054,JV000282,one_to_one
BR000055,JV000274,one_to_one
BR000056,JV000270,one_to_one
BR000057,JV000296,one_to_one
BR000058,JV000307,one_to_one
BR000059,JV000299,one_to_one
BR000060,JV000328,one_to_one
BR000061,JV000323,one_to_one
BR000062,JV000345,one_to_one
BR000063,JV000343,one_to_one
BR000064,JV000368,one_to_one
BR000065,JV000353,one_to_one
BR000066,JV000352,one_to_one
BR000067,JV000355,one_to_one
BR000068,JV000390,one_to_one
BR000069,JV000364,one_to_one
BR000070,JV000363,one_to_one
BR000071,JV000416,one_to_one
BR000072,JV000383,one_to_one
BR000073,JV000382,one_to_one
BR000074,JV000379,one_to_one
BR000075,JV000372,one_to_one
BR000076,JV000365,one_to_one
BR000077,JV000358,one_to_one
BR000078,JV000415,one_to_one
BR000079,JV000404,one_to_one
BR000080,JV000413,one_to_one
BR000081,JV000389,one_to_one
BR000082,JV000409,one_to_one
BR000083,JV000357,one_to_one
BR000084,JV000398,one_to_one
BR000085,JV000394,one_to_one
BR000086,JV000436,one_to_one
BR000087,JV000433,one_to_one
BR000088,JV000435,one_to_one
BR000089,JV000432,one_to_one
BR000090,JV000423,one_to_one
BR000091,JV000434,one_to_one
BR000092,JV000429,one_to_one
BR000093,JV000426,one_to_one
BR000094,JV000442,one_to_one
BR000095,JV000456,one_to_one
BR000096,JV000470,one_to_one
BR000097,JV000469,one_to_one
BR000098,JV000513,one_to_one
BR000099,JV000516,one_to_one
BR000100,JV000490,one_to_one
BR000101,JV000511,one_to_one
BR000102,JV000488,one_to_one
BR000103,JV000460,one_to_one
BR000104,JV000501,one_to_one
BR000105,JV000439,one_to_one
BR000106,JV000518,one_to_one
BR000107,JV000449,one_to_one
BR000108,JV000502,one_to_one
BR000109,JV000503,one_to_one
BR000110,JV000452,one_to_one
BR000111,JV000471,one_to_one
BR000112,JV000523,one_to_one
BR000113,JV000533,one_to_one
BR000114,JV000537,one_to_one
BR000115,JV000475,one_to_one
BR000116,JV000545,one_to_one
BR000117,JV000506,one_to_one
BR000118,JV000521,one_to_one
BR000119,JV000543,one_to_one
BR000120,JV000548,one_to_one
BR000121,JV000565,one_to_one
BR000122,JV000556,one_to_one
BR000123,JV000585,one_to_one
BR000124,JV000557,one_to_one
BR000125,JV000576,one_to_one
BR000126,JV000563,one_to_one
BR000127,JV000589,one_to_one
BR000128,JV000591,one_to_one
BR000129,JV000561,one_to_one
BR000130,JV000611,one_to_one
BR000131,JV000617,one_to_one
BR000132,JV000579,one_to_one
BR000133,JV000608,one_to_one
BR000134,JV000595,one_to_one
BR000135,JV000609,one_to_one
BR000136,JV000623,one_to_one
BR000137,JV000636,one_to_one
BR000138,JV000552,one_to_one
BR000139,JV000559,one_to_one
BR000140,JV000558,one_to_one
BR000141,JV000588,one_to_one
BR000142,JV000629,one_to_one
BR000143,JV000602,one_to_one
BR000144,JV000650,one_to_one
BR000145,JV000645,one_to_one
BR000146,JV000647,one_to_one
BR000147,JV000639,one_to_one
BR000148,JV000654,one_to_one
BR000149,JV000651,one_to_one
BR000150,JV000662,one_to_one
BR000151,JV000656,one_to_one
BR000152,JV000643,one_to_one
BR000153,JV000644,one_to_one
BR000154,JV000660,one_to_one
BR000155,JV000670,one_to_one
BR000156,JV000684,one_to_one
BR000157,JV000664,one_to_one
BR000158,JV000679,one_to_one
BR000159,JV000685,one_to_one
BR000160,JV000674,one_to_one
BR000161,JV000686,one_to_one
BR000162,JV000676,one_to_one
BR000163,JV000725,one_to_one
BR000164,JV000722,one_to_one
BR000165,JV000710,one_to_one
BR000166,JV000719,one_to_one
BR000167,JV000707,one_to_one
BR000168,JV000697,one_to_one
BR000169,JV000723,one_to_one
BR000170,JV000711,one_to_one
BR000171,JV000726,one_to_one
BR000172,JV000680,one_to_one
BR000173,JV000738,one_to_one
BR000174,JV000714,one_to_one
BR000175,JV000720,one_to_one
BR000176,JV000729,one_to_one
BR000177,JV000717,one_to_one
BR000178,JV000712,one_to_one
BR000179,JV000691,one_to_one
BR000180,JV000689,one_to_one
BR000181,JV000706,one_to_one
BR000182,JV000715,one_to_one
BR000183,JV000713,one_to_one
BR000184,JV000716,one_to_one
BR000185,JV000735,one_to_one
BR000186,JV000665,one_to_one
BR000187,JV000744,one_to_one
BR000188,JV000756,one_to_one
BR000189,JV000760,one_to_one
BR000190,JV000773,one_to_one
BR000191,JV000702,one_to_one
BR000192,JV000754,one_to_one
BR000193,JV000781,one_to_one
BR000194,JV000788,one_to_one
BR000195,JV000777,one_to_one
BR000196,JV000745,one_to_one
BR000197,JV000784,one_to_one
BR000198,JV000772,one_to_one
BR000199,JV000752,one_to_one
BR000200,JV000820,one_to_one
BR000201,JV000802,one_to_one
BR000202,JV000813,one_to_one
BR000203,JV000809,one_to_one
BR000204,JV000827,one_to_one
BR000205,JV000808,one_to_one
BR000206,JV000804,one_to_one
BR000207,JV000850,one_to_one
BR000208,JV000832,one_to_one
BR000209,JV000830,one_to_one
BR000210,JV000823,one_to_one
BR000211,JV000814,one_to_one
BR000212,JV000838,one_to_one
BR000213,JV000852,one_to_one
BR000214,JV000828,one_to_one
BR000215,JV000856,one_to_one
BR000216,JV000816,one_to_one
BR000217,JV000799,one_to_one
BR000218,JV000796,one_to_one
BR000219,JV000863,one_to_one
BR000220,JV000837,one_to_one
BR000221,JV000858,one_to_one
BR000222,JV000848,one_to_one
BR000223,JV000866,one_to_one
BR000224,JV000880,one_to_one
BR000225,JV000886,one_to_one
BR000226,JV000905,one_to_one
BR000227,JV000862,one_to_one
BR000228,JV000839,one_to_one
BR000229,JV000895,one_to_one
BR000230,JV000883,one_to_one
BR000231,JV000922,one_to_one
BR000232,JV000927,one_to_one
BR000233,JV000923,one_to_one
BR000234,JV000920,one_to_one
BR000235,JV000921,one_to_one
BR000236,JV000918,one_to_one
BR000237,JV000929,one_to_one
BR000238,JV000914,one_to_one
BR000239,JV000915,one_to_one
BR000240,JV000944,one_to_one
BR000241,JV000930,one_to_one
BR000242,JV000925,one_to_one
BR000243,JV000911,one_to_one
BR000244,JV000936,one_to_one
BR000245,JV000945,one_to_one
BR000246,JV000973,one_to_one
BR000247,JV000955,one_to_one
BR000248,JV000962,one_to_one
BR000249,JV000991,one_to_one
BR000250,JV000952,one_to_one
BR000251,JV000978,one_to_one
BR000252,JV000958,one_to_one
BR000253,JV001015,one_to_one
BR000254,JV000979,one_to_one
BR000255,JV000990,one_to_one
BR000256,JV000977,one_to_one
BR000257,JV000999,one_to_one
BR000258,JV000998,one_to_one
BR000259,JV000992,one_to_one
BR000260,JV000976,one_to_one
BR000261,JV001033,one_to_one
BR000262,JV001024,one_to_one
BR000263,JV001032,one_to_one
BR000264,JV001020,one_to_one
BR000265,JV001036,one_to_one
BR000266,JV001003,one_to_one
BR000267,JV001021,one_to_one
BR000268,JV001037,one_to_one
BR000269,JV001034,one_to_one
BR000270,JV001029,one_to_one
BR000271,JV001019,one_to_one
BR000272,JV001022,one_to_one
BR000273,JV001042,one_to_one
BR000274,JV001048,one_to_one
BR000275,JV001043,one_to_one
BR000276,JV001035,one_to_one
BR000277,JV001083,one_to_one
BR000278,JV001067,one_to_one
BR000279,JV001053,one_to_one
BR000280,JV001063,one_to_one
BR000281,JV001084,one_to_one
BR000282,JV001080,one_to_one
BR000283,JV001077,one_to_one
BR000284,JV001089,one_to_one
BR000285,JV001065,one_to_one
BR000286,JV001075,one_to_one
BR000287,JV001093,one_to_one
BR000288,JV001081,one_to_one
BR000289,JV001109,one_to_one
BR000290,JV001147,one_to_one
BR000291,JV001117,one_to_one
BR000292,JV001112,one_to_one
BR000293,JV001113,one_to_one
BR000294,JV001106,one_to_one
BR000295,JV001145,one_to_one
BR000296,JV001159,one_to_one
BR000297,JV001105,one_to_one
BR000298,JV001146,one_to_one
BR000299,JV001133,one_to_one
BR000300,JV001119,one_to_one
BR000301,JV001150,one_to_one
BR000302,JV001131,one_to_one
BR000303,JV001172,one_to_one
BR000304,JV001152,one_to_one
BR000305,JV001139,one_to_one
BR000306,JV001128,one_to_one
BR000307,JV001126,one_to_one
BR000308,JV001143,one_to_one
BR000309,JV001144,one_to_one
BR000310,JV001136,one_to_one
BR000311,JV001155,one_to_one
BR000312,JV001141,one_to_one
BR000313,JV001123,one_to_many
BR000313,JV001138,one_to_many
BR000313,JV001158,one_to_many
BR000314,JV001114,one_to_one
BR000315,JV001156,one_to_one
BR000316,JV001179,one_to_one
BR000317,JV001176,one_to_one
BR000318,JV001177,one_to_one
BR000319,JV001186,one_to_one
BR000320,JV001203,one_to_one
BR000321,JV001171,one_to_one
BR000322,JV001129,one_to_one
BR000323,JV001122,one_to_one
BR000324,JV001130,one_to_one
BR000325,JV001157,one_to_one
BR000326,JV001189,one_to_one
BR000327,JV001115,one_to_one
BR000328,JV001188,one_to_one
BR000329,JV001125,one_to_one
BR000330,JV001148,one_to_one
BR000331,JV001193,one_to_one
BR000332,JV001135,one_to_one
BR000333,JV001121,one_to_one
BR000334,JV001218,one_to_one
BR000335,JV001197,one_to_one
BR000336,JV001212,one_to_one
BR000337,JV001124,one_to_one
BR000338,JV001154,one_to_one
BR000339,JV001201,one_to_one
BR000340,JV001213,one_to_one
BR000341,JV001210,one_to_one
BR000342,JV001214,one_to_one
BR000343,JV001217,one_to_one
BR000344,JV001211,one_to_one
BR000345,JV001223,one_to_one
BR000346,JV001252,one_to_one
BR000347,JV001248,one_to_one
BR000348,JV001230,one_to_one
BR000349,JV001245,one_to_one
BR000350,JV001231,one_to_one
BR000351,JV001234,one_to_one
BR000352,JV001253,one_to_one
BR000353,JV001226,one_to_one
BR000354,JV001228,one_to_one
BR000355,JV001262,one_to_one
BR000356,JV001233,one_to_one
BR000357,JV001280,one_to_one
BR000358,JV001257,one_to_one
BR000359,JV001285,one_to_one
BR000360,JV001273,one_to_one
BR000361,JV001282,one_to_one
BR000362,JV001261,one_to_one
BR000363,JV001241,one_to_one
BR000364,JV001243,one_to_one
BR000365,JV001275,one_to_one
BR000366,JV001277,one_to_one
BR000367,JV001258,one_to_one
BR000368,JV001284,one_to_one
BR000369,JV001309,one_to_one
BR000370,JV001304,one_to_one
BR000371,JV001311,one_to_one
BR000372,JV001291,one_to_one
BR000373,JV001331,one_to_one
BR000374,JV001317,one_to_one
BR000375,JV001334,one_to_one
BR000376,JV001321,one_to_one
BR000377,JV001337,one_to_one
BR000378,JV001325,one_to_one
BR000379,JV001328,one_to_one
BR000380,JV001330,one_to_one
BR000381,JV001316,one_to_one
BR000382,JV001329,one_to_one
BR000383,JV001322,one_to_one
BR000384,JV001335,one_to_one
BR000385,JV001351,one_to_one
BR000386,JV001319,one_to_one
BR000387,JV001366,one_to_one
BR000388,JV001397,one_to_one
BR000389,JV001387,one_to_one
BR000390,JV001392,one_to_one
BR000391,JV001398,one_to_one
BR000392,JV001370,one_to_one
BR000393,JV001352,one_to_one
BR000394,JV001379,one_to_one
BR000395,JV001349,one_to_one
BR000396,JV001357,one_to_one
BR000397,JV001383,one_to_one
BR000398,JV001403,one_to_one
BR000399,JV001395,one_to_one
BR000400,JV001378,one_to_one
BR000401,JV001406,one_to_one
BR000402,JV001410,one_to_one
BR000403,JV001382,one_to_one
BR000404,JV001419,one_to_one
BR000405,JV001414,one_to_one
BR000406,JV001422,one_to_one
BR000407,JV001415,one_to_one
BR000408,JV001358,one_to_one
BR000409,JV001396,one_to_one
BR000410,JV001428,one_to_one
BR000411,JV001448,one_to_one
BR000412,JV001411,one_to_one
BR000413,JV001442,one_to_one
BR000414,JV001439,one_to_one
BR000415,JV001434,one_to_one
BR000416,JV001436,one_to_one
BR000417,JV001435,one_to_one
BR000418,JV001450,one_to_one
BR000419,JV001461,one_to_one
BR000420,JV001437,one_to_one
BR000421,JV001456,one_to_one
BR000422,JV001485,one_to_one
BR000423,JV001478,one_to_one
BR000424,JV001463,one_to_one
BR000425,JV001455,one_to_one
BR000426,JV001446,one_to_one
BR000427,JV001454,one_to_one
BR000428,JV001491,one_to_one
BR000429,JV001471,one_to_one
BR000430,JV001432,one_to_one
BR000431,JV001472,one_to_one
BR000432,JV001475,one_to_one
BR000433,JV001486,one_to_one
BR000434,JV001509,one_to_one
BR000435,JV001492,one_to_one
BR000436,JV001501,one_to_one
BR000437,JV001512,one_to_one
BR000438,JV001531,one_to_one
BR000439,JV001465,one_to_one
BR000440,JV001524,one_to_one
BR000441,JV001527,one_to_one
BR000442,JV001528,one_to_one
BR000443,JV001498,one_to_one
BR000444,JV001522,one_to_one
BR000445,JV001541,one_to_one
BR000446,JV001543,one_to_one
BR000447,JV001550,one_to_one
BR000448,JV001537,one_to_one
BR000449,JV001526,one_to_one
BR000450,JV001556,one_to_one
BR000451,JV001535,one_to_one
BR000452,JV001540,one_to_one
BR000453,JV001548,one_to_one
BR000454,JV001569,one_to_one
BR000455,JV001560,one_to_one
BR000456,JV001567,one_to_one
BR000457,JV001554,one_to_one
BR000458,JV001578,one_to_one
BR000459,JV001559,one_to_one
BR000460,JV001583,one_to_one
BR000461,JV001565,one_to_one
BR000462,JV001579,one_to_one
BR000463,JV001572,one_to_one
BR000464,JV001593,one_to_one
BR000465,JV001600,one_to_one
BR000466,JV001591,one_to_one
BR000467,JV001605,one_to_one
BR000468,JV001614,one_to_one
BR000469,JV001611,one_to_one
BR000470,JV001631,one_to_one
BR000471,JV001609,one_to_one
BR000472,JV001639,one_to_one
BR000473,JV001620,one_to_one
BR000474,JV001637,one_to_one
BR000475,JV001617,one_to_one
BR000476,JV001623,one_to_one
BR000477,JV001608,one_to_one
BR000478,JV001585,one_to_one
BR000479,JV001625,one_to_one
BR000480,JV001607,one_to_one
BR000481,JV001613,one_to_one
BR000482,JV001638,one_to_one
BR000483,JV001633,one_to_one
BR000484,JV001628,one_to_one
BR000485,JV001640,one_to_one
BR000486,JV001618,one_to_one
BR000487,JV001632,one_to_one
BR000488,JV001603,one_to_one
BR000489,JV001624,one_to_one
BR000490,JV001635,one_to_one
BR000491,JV001626,one_to_one
BR000492,JV001667,one_to_one
BR000493,JV001651,one_to_one
BR000494,JV001663,one_to_one
BR000495,JV001653,one_to_one
BR000496,JV001648,one_to_one
BR000497,JV001650,one_to_one
BR000498,JV001656,one_to_one
BR000499,JV001645,one_to_one
BR000500,JV001714,one_to_one
BR000501,JV001695,one_to_one
BR000502,JV001685,one_to_one
BR000503,JV001719,one_to_one
BR000504,JV001678,one_to_one
BR000505,JV001672,one_to_one
BR000506,JV001684,one_to_one
BR000507,JV001649,one_to_one
BR000508,JV001697,one_to_one
BR000509,JV001701,one_to_one
BR000510,JV001707,one_to_one
BR000511,JV001717,one_to_one
BR000512,JV001710,one_to_one
BR000513,JV001690,one_to_one
BR000514,JV001720,one_to_one
BR000515,JV001692,one_to_one
BR000516,JV001745,one_to_one
BR000517,JV001733,one_to_one
BR000518,JV001725,one_to_one
BR000519,JV001748,one_to_one
BR000520,JV001750,one_to_one
BR000521,JV001736,one_to_one
BR000522,JV001747,one_to_one
BR000523,JV001741,one_to_one
BR000524,JV001730,one_to_one
BR000525,JV001754,one_to_one
BR000526,JV001755,one_to_one
BR000527,JV001749,one_to_one
BR000528,JV001744,one_to_one
BR000529,JV001740,one_to_one
BR000530,JV001746,one_to_one
BR000531,JV001774,one_to_one
BR000532,JV001732,one_to_one
BR000533,JV001742,one_to_one
BR000534,JV001758,one_to_one
BR000535,JV001768,one_to_one
BR000536,JV001785,one_to_one
BR000537,JV001787,one_to_one
BR000538,JV001793,one_to_one
BR000539,JV001735,one_to_one
BR000540,JV001729,one_to_one
BR000541,JV001788,one_to_one
BR000542,JV001767,one_to_one
BR000543,JV001760,one_to_one
BR000544,JV001819,one_to_one
BR000545,JV001782,one_to_one
BR000546,JV001797,one_to_one
BR000547,JV001809,one_to_one
BR000548,JV001804,one_to_one
BR000549,JV001796,one_to_one
BR000550,JV001778,one_to_one
BR000551,JV001807,one_to_one
BR000552,JV001849,one_to_one
BR000553,JV001822,one_to_one
BR000554,JV001845,one_to_one
BR000555,JV001821,one_to_one
BR000556,JV001837,one_to_one
BR000557,JV001848,one_to_one
BR000558,JV001847,one_to_one
BR000559,JV001834,one_to_one
BR000560,JV001824,one_to_one
BR000561,JV001839,one_to_one
BR000562,JV001836,one_to_one
BR000563,JV001829,one_to_one
BR000564,JV001840,one_to_one
BR000565,JV001833,one_to_one
BR000566,JV001835,one_to_one
BR000567,JV001865,one_to_one
BR000568,JV001859,one_to_one
BR000569,JV001858,one_to_one
BR000570,JV001902,one_to_one
BR000571,JV001897,one_to_one
BR000572,JV001877,one_to_one
BR000573,JV001826,one_to_one
BR000574,JV001898,one_to_one
BR000575,JV001918,one_to_one
BR000576,JV001912,one_to_one
BR000577,JV001928,one_to_one
BR000578,JV001916,one_to_one
BR000579,JV001893,one_to_one
BR000580,JV001876,one_to_one
BR000581,JV001906,one_to_one
BR000582,JV001894,one_to_one
BR000583,JV001888,one_to_one
BR000584,JV001940,one_to_one
BR000585,JV001944,one_to_one
BR000586,JV001947,one_to_one
BR000587,JV001967,one_to_one
BR000588,JV001964,one_to_one
BR000589,JV001946,one_to_one
BR000590,JV001941,one_to_one
BR000591,JV001984,one_to_one
BR000592,JV001962,one_to_one
BR000593,JV001971,one_to_one
BR000594,JV001958,one_to_one
BR000595,JV001969,one_to_one
BR000596,JV001957,one_to_one
BR000597,JV001990,one_to_one
BR000598,JV001963,one_to_one
BR000599,JV001965,one_to_one
BR000600,JV001981,one_to_one
BR000601,JV001996,one_to_one
BR000602,JV001929,one_to_one
BR000603,JV001992,one_to_one
BR000604,JV002004,one_to_one
BR000605,JV001975,one_to_one
BR000606,JV001991,one_to_one
BR000607,JV002020,one_to_one
BR000608,JV002044,one_to_one
BR000609,JV002001,one_to_one
BR000610,JV002011,one_to_one
BR000611,JV002009,one_to_one
BR000612,JV002014,one_to_one
BR000613,JV002002,one_to_one
BR000614,JV002039,one_to_one
BR000615,JV002048,one_to_one
BR000616,JV002038,one_to_one
BR000617,JV002053,one_to_one
BR000618,JV002041,one_to_one
BR000619,JV002023,one_to_one
BR000620,JV002051,one_to_one
BR000621,JV002045,one_to_one
BR000622,JV002055,one_to_one
BR000623,JV002029,one_to_one
BR000624,JV002027,one_to_one
BR000625,JV002043,one_to_one
BR000626,JV002052,one_to_one
BR000627,JV002036,one_to_one
BR000628,JV002030,one_to_one
BR000629,JV002037,one_to_one
BR000630,JV002040,one_to_one
BR000631,JV002028,one_to_one
BR000632,JV002057,one_to_one
BR000633,JV002033,one_to_one
BR000634,JV002026,one_to_one
BR000635,JV002032,one_to_one
BR000636,JV002088,one_to_one
BR000637,JV002091,one_to_one
BR000638,JV002072,one_to_one
BR000639,JV002084,one_to_one
BR000640,JV002073,one_to_one
BR000641,JV002034,one_to_one
BR000642,JV002067,one_to_one
BR000643,JV002090,one_to_one
BR000644,JV002109,one_to_one
BR000645,JV002085,one_to_one
BR000646,JV002089,one_to_one
BR000647,JV002080,one_to_one
BR000648,JV002092,one_to_one
BR000649,JV002066,one_to_one
BR000650,JV002096,one_to_one
BR000651,JV002087,one_to_one
BR000652,JV002086,one_to_one
BR000653,JV002108,one_to_one
BR000654,JV002114,one_to_one
BR000655,JV002129,one_to_one
BR000656,JV002117,one_to_one
BR000657,JV002123,one_to_one
BR000658,JV002062,one_to_one
BR000659,JV002118,one_to_one
BR000660,JV002112,one_to_one
BR000661,JV002148,one_to_one
BR000662,JV002141,one_to_one
BR000663,JV002119,one_to_one
BR000664,JV002133,one_to_one
BR000665,JV002064,one_to_one
BR000666,JV002157,one_to_one
BR000667,JV002151,one_to_one
BR000668,JV002162,one_to_one
BR000669,JV002143,one_to_one
BR000670,JV002153,one_to_one
BR000671,JV002149,one_to_one
BR000672,JV002147,one_to_one
BR000673,JV002178,one_to_one
BR000674,JV002173,one_to_one
BR000675,JV002174,one_to_one
BR000676,JV002171,one_to_one
BR000677,JV002159,one_to_one
BR000678,JV002150,one_to_one
BR000679,JV002158,one_to_one
BR000680,JV002182,one_to_one
BR000681,JV002194,one_to_one
BR000682,JV002203,one_to_one
BR000683,JV002201,one_to_one
BR000684,JV002205,one_to_one
BR000685,JV002195,one_to_one
BR000686,JV002214,one_to_one
BR000687,JV002197,one_to_one
BR000688,JV002209,one_to_one
BR000689,JV002208,one_to_one
BR000690,JV002184,one_to_one
BR000691,JV002236,one_to_one
BR000692,JV002215,one_to_one
BR000693,JV002211,one_to_one
BR000694,JV002210,one_to_one
BR000695,JV002265,one_to_one
BR000696,JV002228,one_to_one
BR000697,JV002264,one_to_one
BR000698,JV002243,one_to_one
BR000699,JV002255,one_to_one
BR000700,JV002254,one_to_one
BR000701,JV002249,one_to_one
BR000702,JV002252,one_to_one
BR000703,JV002262,one_to_one
BR000704,JV002256,one_to_one
BR000705,JV002286,one_to_one
BR000706,JV002279,one_to_one
BR000707,JV002281,one_to_one
BR000708,JV002278,one_to_one
BR000709,JV002283,one_to_one
BR000710,JV002275,one_to_one
BR000711,JV002307,one_to_one
BR000712,JV002285,one_to_one
BR000713,JV002280,one_to_one
BR000714,JV002298,one_to_one
BR000715,JV002291,one_to_one
BR000716,JV002299,one_to_one
BR000717,JV002316,one_to_one
BR000718,JV002345,one_to_one
BR000719,JV002340,one_to_one
BR000720,JV002284,one_to_one
BR000721,JV002324,one_to_one
BR000722,JV002305,one_to_one
BR000723,JV002287,one_to_one
BR000724,JV002311,one_to_one
BR000725,JV002334,one_to_one
BR000726,JV002329,one_to_one
BR000727,JV002357,one_to_one
BR000728,JV002293,one_to_one
BR000729,JV002358,one_to_one
BR000730,JV002325,one_to_one
BR000731,JV002330,one_to_one
BR000732,JV002338,one_to_one
BR000733,JV002365,one_to_one
BR000734,JV002335,one_to_one
BR000735,JV002344,one_to_one
BR000736,JV002393,one_to_one
BR000737,JV002400,one_to_one
BR000738,JV002388,one_to_one
BR000739,JV002372,one_to_one
BR000740,JV002377,one_to_one
BR000741,JV002399,one_to_one
BR000742,JV002376,one_to_one
BR000743,JV002389,one_to_one
BR000744,JV002395,one_to_one
BR000745,JV002397,one_to_one
BR000746,JV002402,one_to_one
BR000747,JV002408,one_to_one
BR000748,JV002407,one_to_one
BR000749,JV002445,one_to_one
BR000750,JV002404,one_to_one
BR000751,JV002418,one_to_one
BR000752,JV002412,one_to_one
BR000753,JV002428,one_to_one
BR000754,JV002390,one_to_one
BR000755,JV002425,one_to_one
BR000756,JV002437,one_to_one
BR000757,JV002419,one_to_one
BR000758,JV002382,one_to_one
BR000759,JV002435,one_to_one
BR000760,JV002430,one_to_one
BR000761,JV002416,one_to_one
BR000762,JV002466,one_to_one
BR000763,JV002446,one_to_one
BR000764,JV002451,one_to_one
BR000765,JV002484,one_to_one
BR000766,JV002475,one_to_one
BR000767,JV002434,one_to_one
BR000768,JV002426,one_to_one
BR000769,JV002485,one_to_one
BR000770,JV002442,one_to_one
BR000771,JV002498,one_to_one
BR000772,JV002478,one_to_one
BR000773,JV002481,one_to_one
BR000774,JV002507,one_to_one
BR000775,JV002504,one_to_one
BR000776,JV002526,one_to_one
BR000777,JV002502,one_to_one
BR000778,JV002532,one_to_one
BR000779,JV002528,one_to_one
BR000780,JV002531,one_to_one
BR000781,JV002542,one_to_one
BR000782,JV002525,one_to_one
BR000783,JV002520,one_to_one
BR000784,JV002519,one_to_one
BR000785,JV002551,one_to_one
BR000786,JV002530,one_to_one
BR000787,JV002553,one_to_one
BR000788,JV002501,one_to_one
BR000789,JV002546,one_to_one
BR000790,JV002558,one_to_one
BR000791,JV002562,one_to_one
BR000792,JV002570,one_to_one
BR000793,JV002552,one_to_one
BR000794,JV002608,one_to_one
BR000795,JV002595,one_to_one
BR000796,JV002582,amount_difference
BR000797,JV002566,one_to_one
BR000798,JV002569,one_to_one
BR000799,JV002565,one_to_one
BR000800,JV002591,one_to_one
BR000801,JV002589,one_to_one
BR000802,JV002607,one_to_one
BR000803,JV002521,one_to_one
BR000804,JV002596,one_to_one
BR000805,JV002535,one_to_one
BR000806,JV002563,one_to_one
BR000807,JV002593,one_to_one
BR000808,JV002627,one_to_one
BR000809,JV002594,one_to_one
BR000810,JV002598,one_to_one
BR000811,JV002615,one_to_one
BR000812,JV002604,one_to_one
BR000813,JV002564,one_to_one
BR000814,JV002577,one_to_one
BR000815,JV002571,one_to_one
BR000816,JV002585,one_to_one
BR000817,JV002584,one_to_one
BR000818,JV002620,one_to_one
BR000819,JV002612,one_to_one
BR000820,JV002623,one_to_one
BR000821,JV002610,one_to_one
BR000822,JV002586,one_to_one
BR000823,JV002580,one_to_one
BR000824,JV002617,one_to_one
BR000825,JV002587,one_to_one
BR000826,JV002561,one_to_one
BR000827,JV002599,one_to_one
BR000828,JV002655,one_to_one
BR000829,JV002654,one_to_one
BR000830,JV002625,one_to_one
BR000831,JV002633,one_to_one
BR000832,JV002631,one_to_one
BR000833,JV002650,one_to_one
BR000834,JV002649,one_to_one
BR000835,JV002642,one_to_one
BR000836,JV002632,one_to_one
BR000837,JV002646,one_to_one
BR000838,JV002638,one_to_one
BR000839,JV002636,one_to_one
BR000840,JV002629,one_to_one
BR000841,JV002694,one_to_one
BR000842,JV002665,one_to_one
BR000843,JV002692,one_to_one
BR000844,JV002689,one_to_one
BR000845,JV002681,one_to_one
BR000846,JV002671,one_to_one
BR000847,JV002702,one_to_one
BR000848,JV002685,one_to_one
BR000849,JV002715,one_to_one
BR000850,JV002683,one_to_one
BR000851,JV002703,one_to_one
BR000852,JV002725,one_to_one
BR000853,JV002717,one_to_one
BR000854,JV002708,one_to_one
BR000855,JV002687,one_to_one
BR000856,JV002719,one_to_one
BR000857,JV002705,one_to_one
BR000858,JV002729,one_to_one
BR000859,JV002738,one_to_one
BR000860,JV002724,one_to_one
BR000861,JV002732,one_to_one
BR000862,JV002737,one_to_one
BR000863,JV002755,one_to_one
BR000864,JV002765,one_to_one
BR000865,JV002743,one_to_one
BR000866,JV002767,one_to_one
BR000867,JV002781,one_to_one
BR000868,JV002748,one_to_one
BR000869,JV002771,one_to_one
BR000870,JV002751,one_to_one
BR000871,JV002754,one_to_one
BR000872,JV002757,one_to_one
BR000873,JV002746,one_to_one
BR000874,JV002747,one_to_one
BR000875,JV002785,one_to_one
BR000876,JV002782,one_to_one
BR000877,JV002791,one_to_one
BR000878,JV002768,one_to_one
BR000879,JV002780,one_to_one
BR000880,JV002798,one_to_one
BR000881,JV002774,one_to_one
BR000882,JV002801,one_to_one
BR000883,JV002810,one_to_one
BR000884,JV002799,one_to_one
BR000885,JV002819,one_to_one
BR000886,JV002760,one_to_one
BR000887,JV002769,one_to_one
BR000888,JV002840,one_to_one
BR000889,JV002806,one_to_one
BR000890,JV002827,one_to_one
BR000891,JV002813,one_to_one
BR000892,JV002845,one_to_one
BR000893,JV002832,one_to_one
BR000894,JV002811,one_to_one
BR000895,JV002797,one_to_one
BR000896,JV002838,one_to_one
BR000897,JV002841,one_to_one
BR000898,JV002833,one_to_one
BR000899,JV002836,one_to_one
BR000900,JV002839,one_to_one
BR000901,JV002864,one_to_one
BR000902,JV002854,one_to_one
BR000903,JV002857,one_to_one
BR000904,JV002859,one_to_one
BR000905,JV002852,one_to_one
BR000906,JV002837,one_to_one
BR000907,JV002877,one_to_one
BR000908,JV002861,one_to_one
BR000909,JV002887,one_to_one
BR000910,JV002855,one_to_one
BR000911,JV002899,one_to_one
BR000912,JV002878,one_to_one
BR000913,JV002897,one_to_one
BR000914,JV002879,one_to_one
BR000915,JV002885,one_to_one
BR000916,JV002884,one_to_one
BR000917,JV002875,one_to_one
BR000918,JV002933,one_to_one
BR000919,JV002886,one_to_one
BR000920,JV002882,one_to_one
BR000921,JV002923,one_to_one
BR000922,JV002907,one_to_one
BR000923,JV002948,one_to_one
BR000924,JV002924,one_to_one
BR000925,JV002932,one_to_one
BR000926,JV002931,one_to_one
BR000927,JV002943,one_to_one
BR000928,JV002881,one_to_one
BR000929,JV002898,one_to_one
BR000930,JV002919,one_to_one
BR000931,JV002965,one_to_one
BR000932,JV002908,one_to_one
BR000933,JV002969,one_to_one
BR000934,JV002972,one_to_one
BR000935,JV002977,one_to_one
BR000936,JV002966,one_to_one
BR000937,JV002974,one_to_one
BR000938,JV002967,one_to_one
BR000939,JV002953,one_to_one
BR000940,JV002958,one_to_one
BR000941,JV003004,one_to_one
BR000942,JV002990,one_to_one
BR000943,JV003012,one_to_one
BR000944,JV003020,one_to_one
BR000945,JV002982,one_to_one
BR000946,JV002991,one_to_one
BR000947,JV003005,one_to_one
BR000948,JV002985,one_to_one
BR000949,JV003001,one_to_one
BR000950,JV003032,one_to_one
BR000951,JV003046,one_to_one
BR000952,JV002988,one_to_one
BR000953,JV003044,one_to_one
BR000954,JV003028,one_to_one
BR000955,JV003042,one_to_one
BR000956,JV003031,one_to_one
BR000957,JV003050,one_to_one
BR000958,JV003033,one_to_one
BR000959,JV003009,one_to_one
BR000960,JV003052,one_to_one
BR000961,JV003056,one_to_one
BR000962,JV003078,one_to_one
BR000963,JV003060,one_to_one
BR000964,JV003102,one_to_one
BR000965,JV003096,one_to_one
BR000966,JV003077,one_to_one
BR000967,JV003084,one_to_one
BR000968,JV003106,one_to_one
BR000969,JV003108,one_to_one
BR000970,JV003074,one_to_one
BR000971,JV003085,one_to_one
BR000972,JV003097,one_to_one
BR000973,JV003072,one_to_one
BR000974,JV003083,one_to_one
BR000975,JV003103,amount_difference
BR000976,JV003087,one_to_one
BR000977,JV003104,one_to_one
BR000978,JV003037,one_to_one
BR000979,JV003101,one_to_one
BR000980,JV003082,one_to_one
BR000981,JV003107,one_to_one
BR000982,JV003100,one_to_one
BR000983,JV003091,one_to_one
BR000984,JV003095,one_to_one
BR000985,JV003115,one_to_one
BR000986,JV003109,one_to_one
BR000987,JV003051,one_to_one
BR000988,JV003130,one_to_one
BR000989,JV003134,one_to_one
BR000990,JV003125,one_to_one
BR000991,JV003133,one_to_one
BR000992,JV003135,one_to_one
BR000993,JV003141,one_to_one
BR000994,JV003150,one_to_one
BR000995,JV003136,one_to_one
BR000996,JV003158,one_to_one
BR000997,JV003119,one_to_one
BR000998,JV003117,one_to_one
BR000999,JV003137,one_to_one
BR001000,JV003139,one_to_one
BR001001,JV003121,one_to_one
BR001002,JV003123,one_to_one
BR001003,JV003156,one_to_one
BR001004,JV003177,one_to_one
BR001005,JV003146,one_to_one
BR001006,JV003173,one_to_one
BR001007,JV003175,one_to_one
BR001008,JV003147,one_to_one
BR001009,JV003143,one_to_one
BR001010,JV003126,one_to_one
BR001011,JV003172,one_to_one
BR001012,JV003174,one_to_one
BR001013,JV003153,one_to_one
BR001014,JV003185,one_to_one
BR001015,JV003182,one_to_one
BR001016,JV003222,one_to_one
BR001017,JV003201,one_to_one
BR001018,JV003155,one_to_one
BR001019,JV003176,one_to_one
BR001020,JV003223,one_to_one
BR001021,JV003221,one_to_one
BR001022,JV003206,one_to_one
BR001023,JV003214,one_to_one
BR001024,JV003204,one_to_one
BR001025,JV003220,one_to_one
BR001026,JV003229,one_to_one
BR001027,JV003244,one_to_one
BR001028,JV003255,one_to_one
BR001029,JV003240,one_to_one
BR001030,JV003225,one_to_one
BR001031,JV003224,one_to_one
BR001032,JV003236,one_to_one
BR001033,JV003288,one_to_one
BR001034,JV003235,one_to_one
BR001035,JV003283,one_to_one
BR001036,JV003263,one_to_one
BR001037,JV003287,one_to_one
BR001038,JV003242,one_to_one
BR001039,JV003298,one_to_one
BR001040,JV003266,one_to_one
BR001041,JV003261,one_to_one
BR001042,JV003271,one_to_one
BR001043,JV003309,one_to_one
BR001044,JV003316,one_to_one
BR001045,JV003312,one_to_one
BR001046,JV003233,one_to_one
BR001047,JV003285,one_to_one
BR001048,JV003310,one_to_one
BR001049,JV003264,one_to_one
BR001050,JV003267,one_to_one
BR001051,JV003294,one_to_one
BR001052,JV003291,one_to_one
BR001053,JV003337,one_to_one
BR001054,JV003290,one_to_one
BR001055,JV003313,one_to_one
BR001056,JV003238,one_to_one
BR001057,JV003323,one_to_one
BR001058,JV003362,one_to_one
BR001059,JV003350,one_to_one
BR001060,JV003368,one_to_one
BR001061,JV003364,one_to_one
BR001062,JV003348,one_to_one
BR001063,JV003334,one_to_one
BR001064,JV003354,one_to_one
BR001065,JV003338,one_to_one
BR001066,JV003321,one_to_one
BR001067,JV003370,one_to_one
BR001068,JV003367,one_to_one
BR001069,JV003352,one_to_one
BR001070,JV003366,one_to_one
BR001071,JV003373,one_to_one
BR001072,JV003378,one_to_one
BR001073,JV003379,one_to_one
BR001074,JV003376,one_to_one
BR001075,JV003406,one_to_one
BR001076,JV003423,one_to_one
BR001077,JV003410,one_to_one
BR001078,JV003400,one_to_one
BR001079,JV003397,one_to_one
BR001080,JV003421,one_to_one
BR001081,JV003415,one_to_one
BR001082,JV003440,one_to_one
BR001083,JV003441,one_to_one
BR001084,JV003418,one_to_one
BR001085,JV003433,one_to_one
BR001086,JV003388,one_to_one
BR001087,JV003435,one_to_one
BR001088,JV003402,one_to_one
BR001089,JV003445,one_to_one
BR001090,JV003470,one_to_one
BR001091,JV003454,one_to_one
BR001092,JV003480,one_to_one
BR001093,JV003485,one_to_one
BR001094,JV003439,one_to_one
BR001095,JV003429,one_to_one
BR001096,JV003459,one_to_one
BR001097,JV003408,one_to_one
BR001098,JV003487,one_to_one
BR001099,JV003431,one_to_one
BR001100,JV003486,one_to_one
BR001101,JV003455,one_to_one
BR001102,JV003474,one_to_one
BR001103,JV003490,one_to_one
BR001104,JV003489,one_to_one
BR001105,JV003499,one_to_one
BR001106,JV003478,one_to_one
BR001107,JV003515,one_to_one
BR001108,JV003509,one_to_one
BR001109,JV003508,one_to_one
BR001110,JV003528,one_to_one
BR001111,JV003500,one_to_one
BR001112,JV003501,one_to_one
BR001113,JV003517,one_to_one
BR001114,JV003498,one_to_one
BR001115,JV003512,one_to_one
BR001116,JV003511,one_to_one
BR001117,JV003492,one_to_one
BR001118,JV003553,one_to_one
BR001119,JV003540,one_to_one
BR001120,JV003527,one_to_one
BR001121,JV003513,one_to_one
BR001122,JV003576,one_to_one
BR001123,JV003547,one_to_one
BR001124,JV003556,one_to_one
BR001125,JV003578,one_to_one
BR001126,JV003559,one_to_one
BR001127,JV003519,one_to_one
BR001128,JV003522,one_to_one
BR001129,JV003555,one_to_one
BR001130,JV003557,one_to_one
BR001131,JV003600,one_to_one
BR001132,JV003577,one_to_one
BR001133,JV003558,one_to_one
BR001134,JV003589,one_to_one
BR001135,JV003596,one_to_one
BR001136,JV003573,one_to_one
BR001137,JV003571,one_to_one
BR001138,JV003595,one_to_one
BR001139,JV003543,one_to_one
BR001140,JV003583,one_to_one
BR001141,JV003585,one_to_one
BR001142,JV003579,one_to_one
BR001143,JV003541,one_to_one
BR001144,JV003603,one_to_one
BR001145,JV003630,one_to_one
BR001146,JV003620,one_to_one
BR001147,JV003609,one_to_one
BR001148,JV003649,one_to_one
BR001149,JV003615,one_to_one
BR001150,JV003635,one_to_one
BR001151,JV003647,one_to_one
BR001152,JV003607,one_to_one
BR001153,JV003601,one_to_one
BR001154,JV003636,one_to_one
BR001155,JV003605,one_to_one
BR001156,JV003639,one_to_one
BR001157,JV003666,one_to_one
BR001158,JV003638,one_to_one
BR001159,JV003665,one_to_one
BR001160,JV003616,one_to_one
BR001161,JV003626,one_to_one
BR001162,JV003627,one_to_one
BR001163,JV003637,one_to_one
BR001164,JV003634,one_to_one
BR001165,JV003623,one_to_one
BR001166,JV003614,one_to_one
BR001167,JV003625,one_to_one
BR001168,JV003631,one_to_one
BR001169,JV003667,one_to_one
BR001170,JV003663,one_to_one
BR001171,JV003679,one_to_one
BR001172,JV003682,one_to_one
BR001173,JV003672,one_to_one
BR001174,JV003645,one_to_one
BR001175,JV003646,one_to_one
BR001176,JV003613,one_to_many
BR001176,JV003619,one_to_many
BR001176,JV003624,one_to_many
BR001177,JV003659,one_to_one
BR001178,JV003703,one_to_one
BR001179,JV003692,one_to_one
BR001180,JV003677,one_to_one
BR001181,JV003604,one_to_one
BR001182,JV003612,one_to_one
BR001183,JV003617,one_to_one
BR001184,JV003644,one_to_one
BR001185,JV003690,one_to_one
BR001186,JV003710,one_to_one
BR001187,JV003718,one_to_one
BR001188,JV003725,one_to_one
BR001189,JV003711,one_to_one
BR001190,JV003727,one_to_one
BR001191,JV003721,one_to_one
BR001192,JV003722,one_to_one
BR001193,JV003726,one_to_one
BR001194,JV003732,one_to_one
BR001195,JV003731,one_to_one
BR001196,JV003717,one_to_one
BR001197,JV003674,one_to_one
BR001198,JV003746,one_to_one
BR001199,JV003737,one_to_one
BR001200,JV003752,one_to_one
BR001201,JV003744,one_to_one
BR001202,JV003762,one_to_one
BR001203,JV003742,one_to_one
BR001204,JV003741,one_to_one
BR001205,JV003761,one_to_one
BR001206,JV003735,one_to_one
BR001207,JV003790,one_to_one
BR001208,JV003780,one_to_one
BR001209,JV003771,one_to_one
BR001210,JV003796,one_to_one
BR001211,JV003738,one_to_one
BR001212,JV003802,one_to_one
BR001213,JV003786,one_to_one
BR001214,JV003804,one_to_one
BR001215,JV003818,one_to_one
BR001216,JV003810,one_to_one
BR001217,JV003833,one_to_one
BR001218,JV003837,one_to_one
BR001219,JV003814,one_to_one
BR001220,JV003820,one_to_one
BR001221,JV003822,one_to_one
BR001222,JV003836,one_to_one
BR001223,JV003830,one_to_one
BR001224,JV003834,one_to_one
BR001225,JV003785,one_to_one
BR001226,JV003835,one_to_one
BR001227,JV003832,one_to_one
BR001228,JV003824,one_to_one
BR001229,JV003806,one_to_one
BR001230,JV003840,one_to_one
BR001231,JV003827,one_to_one
BR001232,JV003856,one_to_one
BR001233,JV003844,one_to_one
BR001234,JV003849,one_to_one
BR001235,JV003881,one_to_one
BR001236,JV003854,one_to_one
BR001237,JV003846,one_to_one
BR001238,JV003857,one_to_one
BR001239,JV003875,one_to_one
BR001240,JV003860,one_to_one
BR001241,JV003842,one_to_one
BR001242,JV003888,one_to_one
BR001243,JV003880,one_to_one
BR001244,JV003868,one_to_one
BR001245,JV003895,one_to_one
BR001246,JV003878,one_to_one
BR001247,JV003890,one_to_one
BR001248,JV003867,one_to_one
BR001249,JV003884,one_to_one
BR001250,JV003863,one_to_one
BR001251,JV003885,one_to_one
BR001252,JV003877,one_to_one
BR001253,JV003852,one_to_one
BR001254,JV003893,one_to_one
BR001255,JV003919,one_to_one
BR001256,JV003936,one_to_one
BR001257,JV003894,one_to_one
BR001258,JV003886,one_to_one
BR001259,JV003914,one_to_one
BR001260,JV003887,one_to_one
BR001261,JV003900,one_to_one
BR001262,JV003929,one_to_one
BR001263,JV003945,one_to_one
BR001264,JV003925,one_to_one
BR001265,JV003912,one_to_one
BR001266,JV003911,one_to_one
BR001267,JV003940,one_to_one
BR001268,JV003950,one_to_one
BR001269,JV003949,one_to_one
BR001270,JV003941,one_to_one
BR001271,JV003952,one_to_one
BR001272,JV003953,one_to_one
BR001273,JV003918,one_to_one
BR001274,JV003922,one_to_one
BR001275,JV003938,one_to_one
BR001276,JV003939,one_to_one
BR001277,JV003947,one_to_one
BR001278,JV003973,one_to_one
BR001279,JV003956,one_to_one
BR001280,JV003979,one_to_one
BR001281,JV003983,one_to_one
BR001282,JV003951,one_to_one
BR001283,JV003976,one_to_one
BR001284,JV003963,one_to_one
BR001285,JV003962,one_to_one
BR001286,JV003995,one_to_one
BR001287,JV003980,one_to_one
BR001288,JV003964,one_to_one
BR001289,JV003997,one_to_one
BR001290,JV003974,one_to_one
BR001291,JV004004,one_to_one
BR001292,JV003988,one_to_one
BR001293,JV003984,one_to_one
BR001294,JV003965,one_to_one
BR001295,JV004020,one_to_one
BR001296,JV003994,one_to_one
BR001297,JV003971,one_to_one
BR001298,JV004024,one_to_one
BR001299,JV004022,one_to_one
BR001300,JV004008,one_to_one
BR001301,JV004039,one_to_one
BR001302,JV004044,one_to_one
BR001303,JV004034,one_to_one
BR001304,JV004042,one_to_one
BR001305,JV004040,one_to_one
BR001306,JV004061,one_to_one
BR001307,JV004030,one_to_one
BR001308,JV004078,one_to_one
BR001309,JV004031,one_to_one
BR001310,JV004000,one_to_one
BR001311,JV004038,one_to_one
BR001312,JV004054,one_to_one
BR001313,JV004065,one_to_one
BR001314,JV004051,one_to_one
BR001315,JV004068,one_to_one
BR001316,JV004088,one_to_one
BR001317,JV004080,one_to_one
BR001318,JV004100,one_to_one
BR001319,JV004082,one_to_one
BR001320,JV004094,one_to_one
BR001321,JV004058,one_to_one
BR001322,JV004067,one_to_one
BR001323,JV004107,one_to_one
BR001324,JV004090,one_to_one
BR001325,JV004096,one_to_one
BR001326,JV004095,one_to_one
BR001327,JV004104,one_to_one
BR001328,JV004126,one_to_one
BR001329,JV004118,one_to_one
BR001330,JV004120,one_to_one
BR001331,JV004124,one_to_one
BR001332,JV004116,one_to_one
BR001333,JV004083,one_to_one
BR001334,JV004161,one_to_one
BR001335,JV004153,one_to_one
BR001336,JV004146,one_to_one
BR001337,JV004152,one_to_one
BR001338,JV004162,one_to_one
BR001339,JV004156,one_to_one
BR001340,JV004148,one_to_one
BR001341,JV004160,one_to_one
BR001342,JV004137,one_to_one
BR001343,JV004139,one_to_one
BR001344,JV004132,one_to_one
BR001345,JV004133,one_to_one
BR001346,JV004157,one_to_one
BR001347,JV004166,one_to_one
BR001348,JV004169,one_to_one
BR001349,JV004135,one_to_one
BR001350,JV004147,one_to_one
BR001351,JV004142,one_to_one
BR001352,JV004140,one_to_one
BR001353,JV004165,one_to_one
BR001354,JV004164,one_to_one
BR001355,JV004134,one_to_one
BR001356,JV004158,one_to_one
BR001357,JV004186,one_to_one
BR001358,JV004183,one_to_one
BR001359,JV004181,one_to_one
BR001360,JV004191,one_to_one
BR001361,JV004193,one_to_one
BR001362,JV004201,one_to_one
BR001363,JV004223,one_to_one
BR001364,JV004195,one_to_one
BR001365,JV004197,one_to_one
BR001366,JV004217,one_to_one
BR001367,JV004189,one_to_one
BR001368,JV004218,one_to_one
BR001369,JV004206,one_to_one
BR001370,JV004214,one_to_one
BR001371,JV004253,one_to_one
BR001372,JV004234,one_to_one
BR001373,JV004252,one_to_one
BR001374,JV004235,one_to_one
BR001375,JV004230,one_to_one
BR001376,JV004263,one_to_one
BR001377,JV004228,one_to_one
BR001378,JV004265,one_to_one
BR001379,JV004242,one_to_one
BR001380,JV004243,one_to_one
BR001381,JV004268,one_to_one
BR001382,JV004247,one_to_one
BR001383,JV004261,one_to_one
BR001384,JV004262,one_to_one
BR001385,JV004250,one_to_one
BR001386,JV004241,one_to_one
BR001387,JV004269,one_to_one
BR001388,JV004285,one_to_one
BR001389,JV004281,one_to_one
BR001390,JV004229,one_to_one
BR001391,JV004232,one_to_one
BR001392,JV004236,one_to_one
BR001393,JV004254,one_to_one
BR001394,JV004238,one_to_one
BR001395,JV004251,one_to_one
BR001396,JV004245,one_to_one
BR001397,JV004237,one_to_one
BR001398,JV004280,one_to_one
BR001399,JV004260,one_to_one
BR001400,JV004277,one_to_one
BR001401,JV004264,one_to_one
BR001402,JV004267,one_to_one
BR001403,JV004283,one_to_one
BR001404,JV004294,one_to_one
BR001405,JV004249,one_to_one
BR001406,JV004266,one_to_one
BR001407,JV004300,one_to_one
BR001408,JV004308,one_to_one
BR001409,JV004297,one_to_one
BR001410,JV004309,one_to_one
BR001411,JV004322,one_to_one
BR001412,JV004320,one_to_one
BR001413,JV004337,one_to_one
BR001414,JV004334,one_to_one
BR001415,JV004356,one_to_one
BR001416,JV004346,one_to_one
BR001417,JV004353,one_to_one
BR001418,JV004304,one_to_one
BR001419,JV004316,one_to_one
BR001420,JV004321,one_to_one
BR001421,JV004331,one_to_one
BR001422,JV004358,one_to_one
BR001423,JV004323,one_to_one
BR001424,JV004371,one_to_one
BR001425,JV004378,one_to_one
BR001426,JV004405,one_to_one
BR001427,JV004387,one_to_one
BR001428,JV004396,one_to_one
BR001429,JV004395,one_to_one
BR001430,JV004416,one_to_one
BR001431,JV004341,one_to_one
BR001432,JV004410,one_to_one
BR001433,JV004389,one_to_one
BR001434,JV004325,one_to_one
BR001435,JV004372,one_to_one
BR001436,JV004409,one_to_one
BR001437,JV004400,one_to_one
BR001438,JV004404,one_to_one
BR001439,JV004379,one_to_one
BR001440,JV004406,one_to_one
BR001441,JV004397,one_to_one
BR001442,JV004388,one_to_one
BR001443,JV004394,one_to_one
BR001444,JV004382,one_to_one
BR001445,JV004446,one_to_one
BR001446,JV004430,one_to_one
BR001447,JV004429,one_to_one
BR001448,JV004425,one_to_one
BR001449,JV004436,one_to_one
BR001450,JV004432,one_to_one
BR001451,JV004441,one_to_one
BR001452,JV004431,one_to_one
BR001453,JV004420,one_to_one
BR001454,JV004435,one_to_one
BR001455,JV004424,one_to_one
BR001456,JV004454,one_to_one
BR001457,JV004443,one_to_one
BR001458,JV004426,one_to_one
BR001459,JV004451,one_to_one
BR001460,JV004419,one_to_one
BR001461,JV004452,one_to_one
BR001462,JV004491,one_to_one
BR001463,JV004483,one_to_one
BR001464,JV004497,one_to_one
BR001465,JV004468,one_to_one
BR001466,JV004499,one_to_one
BR001467,JV004486,one_to_one
BR001468,JV004503,one_to_one
BR001469,JV004517,one_to_one
BR001470,JV004514,one_to_one
BR001471,JV004536,amount_difference
BR001472,JV004509,one_to_one
BR001473,JV004525,one_to_one
BR001474,JV004501,one_to_one
BR001475,JV004545,one_to_one
BR001476,JV004515,one_to_one
BR001477,JV004537,one_to_one
BR001478,JV004538,one_to_one
BR001479,JV004511,one_to_one
BR001480,JV004528,one_to_one
BR001481,JV004521,one_to_one
BR001482,JV004513,one_to_many
BR001482,JV004530,one_to_many
BR001482,JV004541,one_to_many
BR001482,JV004543,one_to_many
BR001483,JV004531,one_to_one
BR001484,JV004474,one_to_one
BR001485,JV004526,one_to_one
BR001486,JV004540,one_to_one
BR001487,JV004519,one_to_one
BR001488,JV004539,one_to_one
BR001489,JV004534,one_to_one
BR001490,JV004510,one_to_one
BR001491,JV004558,one_to_one
BR001492,JV004564,one_to_one
BR001493,JV004563,one_to_one
BR001494,JV004554,one_to_one
BR001495,JV004549,one_to_one
BR001496,JV004508,one_to_one
BR001497,JV004544,one_to_one
BR001498,JV004518,one_to_one
BR001499,JV004559,one_to_one
BR001500,JV004557,one_to_one
BR001501,JV004578,one_to_one
BR001502,JV004579,one_to_one
BR001503,JV004552,one_to_one
BR001504,JV004570,one_to_one
BR001505,JV004577,one_to_one
BR001506,JV004593,one_to_one
BR001507,JV004571,one_to_one
BR001508,JV004568,one_to_one
BR001509,JV004598,one_to_one
BR001510,JV004581,one_to_one
BR001511,JV004611,one_to_one
BR001512,JV004613,one_to_one
BR001513,JV004555,one_to_one
BR001514,JV004551,one_to_one
BR001515,JV004610,one_to_one
BR001516,JV004633,one_to_one
BR001517,JV004618,one_to_one
BR001518,JV004629,one_to_one
BR001519,JV004612,one_to_one
BR001520,JV004600,one_to_one
BR001521,JV004625,one_to_one
BR001522,JV004648,one_to_one
BR001523,JV004641,one_to_one
BR001524,JV004643,one_to_one
BR001525,JV004615,one_to_one
BR001526,JV004623,one_to_one
BR001527,JV004634,one_to_one
BR001528,JV004672,one_to_one
BR001529,JV004660,one_to_one
BR001530,JV004659,one_to_one
BR001531,JV004655,one_to_one
BR001532,JV004650,one_to_one
BR001533,JV004657,one_to_one
BR001534,JV004653,one_to_one
BR001535,JV004644,one_to_one
BR001536,JV004677,one_to_one
BR001537,JV004683,one_to_one
BR001538,JV004690,one_to_one
BR001539,JV004688,one_to_one
BR001540,JV004692,one_to_one
BR001541,JV004686,one_to_one
BR001542,JV004693,one_to_one
BR001543,JV004731,one_to_one
BR001544,JV004705,one_to_one
BR001545,JV004709,one_to_one
BR001546,JV004710,one_to_one
BR001547,JV004684,one_to_one
BR001548,JV004722,one_to_one
BR001549,JV004721,one_to_one
BR001550,JV004730,one_to_one
BR001551,JV004734,one_to_one
BR001552,JV004780,one_to_one
BR001553,JV004770,one_to_one
BR001554,JV004765,one_to_one
BR001555,JV004768,one_to_one
BR001556,JV004746,one_to_one
BR001557,JV004773,one_to_one
BR001558,JV004790,one_to_one
BR001559,JV004791,one_to_one
BR001560,JV004782,one_to_one
BR001561,JV004805,one_to_one
BR001562,JV004787,one_to_one
BR001563,JV004798,one_to_one
BR001564,JV004797,one_to_one
BR001565,JV004799,one_to_one
BR001566,JV004810,one_to_one
BR001567,JV004795,one_to_one
BR001568,JV004807,one_to_one
BR001569,JV004811,one_to_one
BR001570,JV004816,one_to_one
BR001571,JV004837,one_to_one
BR001572,JV004809,one_to_one
BR001573,JV004824,one_to_one
BR001574,JV004812,one_to_one
BR001575,JV004814,one_to_one
BR001576,JV004838,one_to_one
BR001577,JV004841,one_to_one
BR001578,JV004842,one_to_one
BR001579,JV004830,one_to_one
BR001580,JV004855,one_to_one
BR001581,JV004848,one_to_one
BR001582,JV004866,one_to_one
BR001583,JV004867,one_to_one
BR001584,JV004846,one_to_one
BR001585,JV004865,one_to_one
BR001586,JV004857,one_to_one
BR001587,JV004852,one_to_one
BR001588,JV004847,one_to_one
BR001589,JV004900,one_to_one
BR001590,JV004883,one_to_one
BR001591,JV004882,one_to_one
BR001592,JV004891,one_to_one
BR001593,JV004902,one_to_one
BR001594,JV004896,one_to_one
BR001595,JV004879,one_to_one
BR001596,JV004908,one_to_one
BR001597,JV004912,one_to_one
BR001598,JV004881,one_to_one
BR001599,JV004943,one_to_one
BR001600,JV004932,one_to_one
BR001601,JV004930,one_to_one
BR001602,JV004910,one_to_one
BR001603,JV004889,one_to_one
BR001604,JV004913,one_to_one
BR001605,JV004938,one_to_one
BR001606,JV004966,one_to_one
BR001607,JV004950,one_to_one
BR001608,JV004899,one_to_one
BR001609,JV004898,one_to_one
BR001610,JV004922,one_to_one
BR001611,JV004920,one_to_one
BR001612,JV004984,one_to_one
BR001613,JV004960,one_to_one
BR001614,JV004987,one_to_one
BR001615,JV004985,one_to_one
BR001616,JV004982,one_to_one
BR001617,JV004977,one_to_one
BR001618,JV004975,one_to_one
BR001619,JV004962,one_to_one
BR001620,JV004976,one_to_one
BR001621,JV004989,one_to_one
BR001622,JV004996,one_to_one
BR001623,JV005032,one_to_one
BR001624,JV005048,one_to_one
BR001625,JV005050,one_to_one
BR001626,JV005015,one_to_one
BR001627,JV004993,one_to_one
BR001628,JV004998,one_to_one
BR001629,JV005047,one_to_one
BR001630,JV005065,one_to_one
BR001631,JV005057,one_to_one
BR001632,JV005074,one_to_one
BR001633,JV005033,one_to_one
BR001634,JV005049,one_to_one
BR001635,JV005034,one_to_one
BR001636,JV005052,one_to_one
BR001637,JV005028,one_to_one
BR001638,JV005037,one_to_one
BR001639,JV005019,one_to_one
BR001640,JV005042,one_to_one
BR001641,JV005027,one_to_one
BR001642,JV005039,one_to_one
BR001643,JV005017,one_to_one
BR001644,JV005000,one_to_one
BR001645,JV005063,one_to_one
BR001646,JV005091,one_to_one
BR001647,JV005078,one_to_one
BR001648,JV005061,one_to_one
BR001649,JV005031,one_to_one
BR001650,JV005030,one_to_one
BR001651,JV005018,one_to_one
BR001652,JV005022,one_to_one
BR001653,JV005024,one_to_one
BR001654,JV005084,one_to_one
BR001655,JV005056,one_to_one
BR001656,JV005023,one_to_one
BR001657,JV005013,one_to_one
BR001658,JV005080,one_to_one
BR001659,JV005071,one_to_one
BR001660,JV005101,one_to_one
BR001661,JV005119,one_to_one
BR001662,JV005113,one_to_one
BR001663,JV005122,one_to_one
BR001664,JV005117,one_to_one
BR001665,JV005107,one_to_one
BR001666,JV005157,one_to_one
BR001667,JV005141,one_to_one
BR001668,JV005153,one_to_one
BR001669,JV005135,one_to_one
BR001670,JV005156,one_to_one
BR001671,JV005148,one_to_one
BR001672,JV005174,one_to_one
BR001673,JV005131,one_to_one
BR001674,JV005155,one_to_one
BR001675,JV005219,one_to_one
BR001676,JV005188,one_to_one
BR001677,JV005165,one_to_one
BR001678,JV005198,one_to_one
BR001679,JV005236,one_to_one
BR001680,JV005226,one_to_one
BR001681,JV005138,one_to_one
BR001682,JV005195,one_to_one
BR001683,JV005179,one_to_one
BR001684,JV005212,one_to_one
BR001685,JV005154,one_to_one
BR001686,JV005250,one_to_one
BR001687,JV005233,one_to_one
BR001688,JV005269,one_to_one
BR001689,JV005182,one_to_one
BR001690,JV005164,one_to_one
BR001691,JV005243,one_to_one
BR001692,JV005208,one_to_one
BR001693,JV005176,one_to_one
BR001694,JV005258,one_to_one
BR001695,JV005265,one_to_one
BR001696,JV005244,one_to_one
BR001697,JV005277,one_to_one
BR001698,JV005239,one_to_one
BR001699,JV005245,one_to_one
BR001700,JV005284,one_to_one
BR001701,JV005285,one_to_one
BR001702,JV005305,one_to_one
BR001703,JV005294,one_to_one
BR001704,JV005302,one_to_one
BR001705,JV005293,one_to_one
BR001706,JV005317,one_to_one
BR001707,JV005327,one_to_one
BR001708,JV005289,one_to_one
BR001709,JV005300,one_to_one
BR001710,JV005322,one_to_one
BR001711,JV005332,one_to_one
BR001712,JV005319,one_to_one
BR001713,JV005338,one_to_one
BR001714,JV005313,one_to_one
BR001715,JV005328,one_to_one
BR001716,JV005345,one_to_one
BR001717,JV005318,one_to_one
BR001718,JV005316,one_to_one
BR001719,JV005315,one_to_one
BR001720,JV005368,one_to_one
BR001721,JV005356,one_to_one
BR001722,JV005335,one_to_one
BR001723,JV005337,one_to_one
BR001724,JV005331,one_to_one
BR001725,JV005366,one_to_one
BR001726,JV005288,one_to_one
BR001727,JV005326,one_to_one
BR001728,JV005374,one_to_one
BR001729,JV005367,one_to_one
BR001730,JV005378,one_to_one
BR001731,JV005349,one_to_one
BR001732,JV005360,one_to_one
BR001733,JV005381,one_to_one
BR001734,JV005370,one_to_one
BR001735,JV005380,one_to_one
BR001736,JV005376,one_to_one
BR001737,JV005417,one_to_one
BR001738,JV005391,one_to_one
BR001739,JV005401,one_to_one
BR001740,JV005396,one_to_one
BR001741,JV005407,one_to_one
BR001742,JV005410,one_to_one
BR001743,JV005406,one_to_one
BR001744,JV005405,one_to_one
BR001745,JV005415,one_to_one
BR001746,JV005412,one_to_one
BR001747,JV005390,one_to_one
BR001748,,direct_debit
BR001749,JV005428,one_to_one
BR001750,JV005440,one_to_one
BR001751,JV005435,one_to_one
BR001752,JV005467,one_to_one
BR001753,JV005452,one_to_one
BR001754,JV005455,one_to_one
BR001755,JV005465,one_to_one
BR001756,JV005456,one_to_one
BR001757,JV005458,one_to_one
BR001758,JV005426,one_to_one
BR001759,JV005447,one_to_one
BR001760,JV005491,one_to_one
BR001761,JV005485,one_to_one
BR001762,JV005504,one_to_one
BR001763,JV005501,one_to_one
BR001764,JV005481,one_to_one
BR001765,JV005449,one_to_one
BR001766,JV005477,one_to_one
BR001767,JV005497,one_to_one
BR001768,JV005513,one_to_one
BR001769,JV005523,one_to_one
BR001770,JV005517,one_to_one
BR001771,JV005507,one_to_one
BR001772,JV005522,one_to_one
BR001773,JV005508,one_to_one
BR001774,JV005511,one_to_one
BR001775,JV005515,one_to_one
BR001776,JV005535,one_to_one
BR001777,JV005506,one_to_one
BR001778,JV005509,one_to_one
BR001779,JV005550,one_to_one
BR001780,JV005510,one_to_one
BR001781,JV005534,one_to_one
BR001782,JV005542,one_to_one
BR001783,,direct_debit
BR001784,JV005533,one_to_one
BR001785,JV005536,one_to_one
BR001786,JV005560,one_to_one
BR001787,JV005546,one_to_one
BR001788,JV005528,one_to_one
BR001789,JV005612,one_to_one
BR001790,JV005562,one_to_one
BR001791,JV005564,one_to_one
BR001792,JV005568,one_to_one
BR001793,JV005601,one_to_one
BR001794,JV005583,one_to_one
BR001795,JV005608,one_to_one
BR001796,JV005576,one_to_one
BR001797,JV005586,one_to_one
BR001798,JV005537,one_to_one
BR001799,JV005607,one_to_one
BR001800,JV005592,one_to_one
BR001801,JV005625,one_to_one
BR001802,JV005580,one_to_one
BR001803,JV005615,one_to_one
BR001804,JV005599,one_to_one
BR001805,JV005598,one_to_one
BR001806,JV005589,one_to_one
BR001807,JV005588,one_to_one
BR001808,JV005613,one_to_one
BR001809,JV005595,one_to_one
BR001810,JV005593,one_to_one
BR001811,JV005603,one_to_one
BR001812,JV005543,one_to_one
BR001813,JV005591,one_to_one
BR001814,JV005578,one_to_one
BR001815,JV005584,one_to_one
BR001816,JV005582,one_to_one
BR001817,JV005574,one_to_one
BR001818,JV005634,one_to_one
BR001819,JV005654,one_to_one
BR001820,JV005642,one_to_one
BR001821,JV005646,one_to_one
BR001822,JV005636,one_to_one
BR001823,JV005637,one_to_one
BR001824,JV005650,one_to_one
BR001825,JV005645,one_to_one
BR001826,JV005640,one_to_one
BR001827,JV005662,one_to_one
BR001828,JV005632,one_to_one
BR001829,JV005655,one_to_one
BR001830,JV005653,one_to_one
BR001831,JV005680,one_to_one
BR001832,JV005635,one_to_one
BR001833,JV005656,one_to_one
BR001834,JV005657,one_to_one
BR001835,JV005652,one_to_one
BR001836,JV005706,one_to_one
BR001837,JV005682,one_to_one
BR001838,JV005674,one_to_one
BR001839,JV005684,one_to_one
BR001840,JV005699,one_to_one
BR001841,JV005683,one_to_one
BR001842,JV005695,one_to_one
BR001843,JV005649,one_to_one
BR001844,,bank_fee
BR001845,JV005685,one_to_one
BR001846,JV005686,one_to_one
