bank_date,amount,counterparty,bank_ref
2025-01-02,-676.66,Huaxin Office Supplies 华信办公用品,BR000001
2025-01-03,-2039.84,Yunfan Ticketing 云帆票务,BR000002
2025-01-03,-1487.05,Jietu Travel Service 捷途旅行社,BR000003
2025-01-03,-1049.86,Yunfan Ticketing 云帆票务,BR000004
2025-01-03,-709.76,Jiayi Printing 嘉艺印务,BR000005
2025-01-03,-581.25,Jiayi Printing 嘉艺印务,BR000006
2025-01-04,-3244.45,Jietu Travel Service 捷途旅行社,BR000007
2025-01-04,-2603.45,Jietu Travel Service 捷途旅行社,BR000008
2025-01-04,-2022.08,Songhe Tea House 松鹤茶楼,BR000009
2025-01-05,-386.08,Jiayi Printing 嘉艺印务,BR000010
2025-01-07,-60000.00,Hengtai Property 恒泰物业,BR000011
2025-01-07,-3452.71,Jietu Travel Service 捷途旅行社,BR000012
2025-01-07,-530.55,Jiayi Printing 嘉艺印务,BR000013
2025-01-08,-2942.20,Songhe Tea House 松鹤茶楼,BR000014
2025-01-08,-2167.09,Jietu Travel Service 捷途旅行社,BR000015
2025-01-08,-1869.72,Yunfan Ticketing 云帆票务,BR000016
2025-01-09,-1110.96,Songhe Tea House 松鹤茶楼,BR000017
2025-01-09,-920.54,Huaxin Office Supplies 华信办公用品,BR000018
2025-01-09,-595.30,Huaxin Office Supplies 华信办公用品,BR000019
2025-01-09,-577.35,Jiayi Printing 嘉艺印务,BR000020
2025-01-10,-6060.91,Jietu Travel Service 捷途旅行社,BR000021
2025-01-10,-2779.40,Yunfan Ticketing 云帆票务,BR000022
2025-01-10,-2213.85,Songhe Tea House 松鹤茶楼,BR000023
2025-01-10,-1791.57,Jietu Travel Service 捷途旅行社,BR000024
2025-01-10,-1774.87,Yunfan Ticketing 云帆票务,BR000025
2025-01-10,-1271.01,Songhe Tea House 松鹤茶楼,BR000026
2025-01-10,-857.87,Songhe Tea House 松鹤茶楼,BR000027
2025-01-10,-254.42,Jiayi Printing 嘉艺印务,BR000028
2025-01-11,-4112.38,Yunfan Ticketing 云帆票务,BR000029
2025-01-14,-1917.02,Yunfan Ticketing 云帆票务,BR000030
2025-01-14,-1898.54,Yunfan Ticketing 云帆票务,BR000031
2025-01-14,-1420.15,Huaxin Office Supplies 华信办公用品,BR000032
2025-01-14,-1390.76,Huaxin Office Supplies 华信办公用品,BR000033
2025-01-14,-963.24,Jietu Travel Service 捷途旅行社,BR000034
2025-01-14,-908.84,Jietu Travel Service 捷途旅行社,BR000035
2025-01-14,-652.67,Jiayi Printing 嘉艺印务,BR000036
2025-01-15,-14313.56,Donghu Water and Power 东湖水电,BR000037
2025-01-15,-2048.08,Jinyue Restaurant 金悦酒楼,BR000038
2025-01-15,-1421.36,Jietu Travel Service 捷途旅行社,BR000039
2025-01-15,-1202.60,Songhe Tea House 松鹤茶楼,BR000040
2025-01-15,-977.10,Yunfan Ticketing 云帆票务,BR000041
2025-01-16,-2879.04,Jietu Travel Service 捷途旅行社,BR000042
2025-01-16,-898.44,Jietu Travel Service 捷途旅行社,BR000043
2025-01-16,-774.91,Jinyue Restaurant 金悦酒楼,BR000044
2025-01-17,-1826.97,Yunfan Ticketing 云帆票务,BR000045
2025-01-17,-1146.34,Songhe Tea House 松鹤茶楼,BR000046
2025-01-17,-1048.56,Jiayi Printing 嘉艺印务,BR000047
2025-01-20,-1790.64,Jietu Travel Service 捷途旅行社,BR000048
2025-01-21,-3067.20,Yunfan Ticketing 云帆票务,BR000049
2025-01-22,-4272.86,Songhe Tea House 松鹤茶楼,BR000050
2025-01-22,-1244.88,Jietu Travel Service 捷途旅行社,BR000051
2025-01-23,-1472.25,Jinyue Restaurant 金悦酒楼,BR000052
2025-01-23,-1261.92,Yunfan Ticketing 云帆票务,BR000053
2025-01-23,-924.54,Huaxin Office Supplies 华信办公用品,BR000054
2025-01-24,-4255.14,Jietu Travel Service 捷途旅行社,BR000055
2025-01-24,-1929.94,Yunfan Ticketing 云帆票务,BR000056
2025-01-24,-1067.44,Songhe Tea House 松鹤茶楼,BR000057
2025-01-25,-5939.79,Jietu Travel Service 捷途旅行社,BR000058
2025-01-25,-2121.20,Yunfan Ticketing 云帆票务,BR000059
2025-01-27,-181.72,Bank service charge 银行手续费,BR000060
2025-01-28,-1087.53,Jiayi Printing 嘉艺印务,BR000061
2025-01-29,-1209.84,Songhe Tea House 松鹤茶楼,BR000062
2025-01-29,-462.17,Huaxin Office Supplies 华信办公用品,BR000063
2025-02-04,63243.13,Minghui Manufacturing 明辉制造,BR000064
2025-02-05,-60000.00,Hengtai Property 恒泰物业,BR000065
2025-02-05,23000.01,Anping Hardware 安平五金,BR000066
2025-02-05,39242.97,Xinhe Distribution 信和分销,BR000067
2025-02-05,234777.08,Minghui Manufacturing 明辉制造,BR000068
2025-02-06,-3211.61,Yunfan Ticketing 云帆票务,BR000069
2025-02-06,-1546.76,Jietu Travel Service 捷途旅行社,BR000070
2025-02-06,28497.10,Shunfa Wholesale 顺发批发,BR000071
2025-02-06,54675.56,Anping Hardware 安平五金,BR000072
2025-02-06,65236.61,Yuanhang Technology 远航科技,BR000073
2025-02-07,-3423.49,Yunfan Ticketing 云帆票务,BR000074
2025-02-07,-2381.09,Jinyue Restaurant 金悦酒楼,BR000075
2025-02-07,-1254.54,Yunfan Ticketing 云帆票务,BR000076
2025-02-07,-1229.74,Jinyue Restaurant 金悦酒楼,BR000077
2025-02-07,-1009.10,Songhe Tea House 松鹤茶楼,BR000078
2025-02-07,22207.68,Yuanhang Technology 远航科技,BR000079
2025-02-08,-48717.96,Kangda Metals 康达金属,BR000080
2025-02-08,-2210.63,Jinyue Restaurant 金悦酒楼,BR000081
2025-02-08,-1220.91,Huaxin Office Supplies 华信办公用品,BR000082
2025-02-08,-485.75,Jiayi Printing 嘉艺印务,BR000083
2025-02-08,-282.14,Jiayi Printing 嘉艺印务,BR000084
2025-02-09,-1972.98,Yunfan Ticketing 云帆票务,BR000085
2025-02-09,62491.66,Anping Hardware 安平五金,BR000086
2025-02-09,63407.01,Xinhe Distribution 信和分销,BR000087
2025-02-10,-2272.49,Jinyue Restaurant 金悦酒楼,BR000088
2025-02-10,-1466.12,Songhe Tea House 松鹤茶楼,BR000089
2025-02-10,71407.14,Guangyao Electric 光耀电器,BR000090
2025-02-11,-598270.77,Payroll batch 工资代发,BR000091
2025-02-11,-43358.54,Kangda Metals 康达金属,BR000092
2025-02-11,-4332.21,Jietu Travel Service 捷途旅行社,BR000093
2025-02-11,26774.32,Qinghe Foods 清禾食品,BR000094
2025-02-11,39843.61,Tongda Retail 通达零售,BR000095
2025-02-12,-2603.97,Jietu Travel Service 捷途旅行社,BR000096
2025-02-12,-2436.13,Jietu Travel Service 捷途旅行社,BR000097
2025-02-12,28428.66,Qinghe Foods 清禾食品,BR000098
2025-02-12,43748.64,Shunfa Wholesale 顺发批发,BR000099
2025-02-12,48258.36,Tongda Retail 通达零售,BR000100
2025-02-12,74553.20,Anping Hardware 安平五金,BR000101
2025-02-12,139900.12,Guangyao Electric 光耀电器,BR000102
2025-02-13,-1571.96,Songhe Tea House 松鹤茶楼,BR000103
2025-02-13,-1031.38,Huaxin Office Supplies 华信办公用品,BR000104
2025-02-13,-642.02,Huaxin Office Supplies 华信办公用品,BR000105
2025-02-13,71059.06,Jinhai Industrial 金海实业,BR000106
2025-02-14,-44167.61,Kangda Metals 康达金属,BR000107
2025-02-14,-2436.94,Jietu Travel Service 捷途旅行社,BR000108
2025-02-14,-1485.70,Songhe Tea House 松鹤茶楼,BR000109
2025-02-14,-937.08,Yunfan Ticketing 云帆票务,BR000110
2025-02-14,-754.13,Jietu Travel Service 捷途旅行社,BR000111
2025-02-14,-392.97,Huaxin Office Supplies 华信办公用品,BR000112
2025-02-14,15993.92,Shunfa Wholesale 顺发批发,BR000113
2025-02-15,-2960.81,Yunfan Ticketing 云帆票务,BR000114
2025-02-15,-2201.75,Yunfan Ticketing 云帆票务,BR000115
2025-02-15,-809.58,Songhe Tea House 松鹤茶楼,BR000116
2025-02-16,-2348.68,Jinyue Restaurant 金悦酒楼,BR000117
2025-02-16,-1751.23,Jinyue Restaurant 金悦酒楼,BR000118
2025-02-16,-1606.53,Songhe Tea House 松鹤茶楼,BR000119
2025-02-17,29884.58,Jinhai Industrial 金海实业,BR000120
2025-02-17,140449.78,Tongda Retail 通达零售,BR000121
2025-02-18,-6066.17,Jietu Travel Service 捷途旅行社,BR000122
2025-02-18,-2521.07,Jinyue Restaurant 金悦酒楼,BR000123
2025-02-18,-2105.80,Songhe Tea House 松鹤茶楼,BR000124
2025-02-18,-1852.42,Songhe Tea House 松鹤茶楼,BR000125
2025-02-18,-1570.80,Yunfan Ticketing 云帆票务,BR000126
2025-02-18,-1068.43,Huaxin Office Supplies 华信办公用品,BR000127
2025-02-18,-702.93,Jiayi Printing 嘉艺印务,BR000128
2025-02-18,-530.99,Huaxin Office Supplies 华信办公用品,BR000129
2025-02-18,81447.82,Fuyuan Supermarkets 富源超市,BR000130
2025-02-18,163822.34,Tongda Retail 通达零售,BR000131
2025-02-19,-1757.51,Yunfan Ticketing 云帆票务,BR000132
2025-02-19,-1311.08,Jietu Travel Service 捷途旅行社,BR000133
2025-02-19,-1161.52,Jinyue Restaurant 金悦酒楼,BR000134
2025-02-19,-985.78,Yunfan Ticketing 云帆票务,BR000135
2025-02-19,50229.84,Fuyuan Supermarkets 富源超市,BR000136
2025-02-19,190892.70,Anping Hardware 安平五金,BR000137
2025-02-20,-11214.78,Donghu Water and Power 东湖水电,BR000138
2025-02-20,-2517.84,Songhe Tea House 松鹤茶楼,BR000139
2025-02-20,-1356.58,Jinyue Restaurant 金悦酒楼,BR000140
2025-02-20,-1018.03,Jietu Travel Service 捷途旅行社,BR000141
2025-02-20,-517.50,Jiayi Printing 嘉艺印务,BR000142
2025-02-20,-272.22,Jiayi Printing 嘉艺印务,BR000143
2025-02-20,66104.02,Minghui Manufacturing 明辉制造,BR000144
2025-02-21,-2362.63,Jietu Travel Service 捷途旅行社,BR000145
2025-02-21,24772.73,Minghui Manufacturing 明辉制造,BR000146
2025-02-21,124863.19,Shunfa Wholesale 顺发批发,BR000147
2025-02-21,154822.72,Jinhai Industrial 金海实业,BR000148
2025-02-22,-6491.04,Jietu Travel Service 捷途旅行社,BR000149
2025-02-22,-2907.82,Yunfan Ticketing 云帆票务,BR000150
2025-02-22,-2522.12,Jietu Travel Service 捷途旅行社,BR000151
2025-02-22,-1682.21,Yunfan Ticketing 云帆票务,BR000152
2025-02-23,-1112.11,Huaxin Office Supplies 华信办公用品,BR000153
2025-02-23,-1093.84,Huaxin Office Supplies 华信办公用品,BR000154
2025-02-23,45986.05,Tongda Retail 通达零售,BR000155
2025-02-23,98427.34,Xinhe Distribution 信和分销,BR000156
2025-02-23,152999.94,Anping Hardware 安平五金,BR000157
2025-02-23,201786.43,Guangyao Electric 光耀电器,BR000158
2025-02-24,29128.73,Longsheng Home 隆盛家居,BR000159
2025-02-24,41577.29,Minghui Manufacturing 明辉制造,BR000160
2025-02-24,49917.51,Qinghe Foods 清禾食品,BR000161
2025-02-24,141570.43,Anping Hardware 安平五金,BR000162
2025-02-25,-128567.97,Hongyu Electronics 鸿宇电子,BR000163
2025-02-25,-114713.86,Zhiyuan Consulting 智远咨询,BR000164
2025-02-25,-102522.79,Huamei Textiles 华美纺织,BR000165
2025-02-25,-99318.06,Ruifeng Components 瑞丰元件,BR000166
2025-02-25,-84432.27,Dingxin Steel 鼎鑫钢材,BR000167
2025-02-25,-35548.00,Wanli Facility Services 万里设施服务,BR000168
2025-02-25,-5321.52,Jietu Travel Service 捷途旅行社,BR000169
2025-02-25,-3167.15,Jietu Travel Service 捷途旅行社,BR000170
2025-02-25,-1504.17,Jietu Travel Service 捷途旅行社,BR000171
2025-02-25,-763.11,Jietu Travel Service 捷途旅行社,BR000172
2025-02-25,70104.76,Qinghe Foods 清禾食品,BR000173
2025-02-26,-177980.93,Lianchuang Parts 联创配件,BR000174
2025-02-26,-167672.22,Baocheng Plastics 宝成塑料,BR000175
2025-02-26,-149564.48,Fangzhou Exhibition 方舟会展,BR000176
2025-02-26,-122156.65,Qianfeng Tax Advisory 千峰税务咨询,BR000177
2025-02-26,-117460.15,Tianrui Materials 天瑞物资,BR000178
2025-02-26,-89446.16,Jiahe Packaging 嘉禾包装,BR000179
2025-02-26,-74451.24,Anjie Equipment Repair 安捷设备维修,BR000180
2025-02-26,-1918.35,Jinyue Restaurant 金悦酒楼,BR000181
2025-02-26,-1123.50,Jinyue Restaurant 金悦酒楼,BR000182
2025-02-27,-192490.64,Kangda Metals 康达金属,BR000183
2025-02-27,-111378.35,Yongsheng Chemicals 永盛化工,BR000184
2025-02-27,-1883.60,Songhe Tea House 松鹤茶楼,BR000185
2025-02-27,-1771.99,Jietu Travel Service 捷途旅行社,BR000186
2025-02-27,-1534.58,Jietu Travel Service 捷途旅行社,BR000187
2025-02-27,-1375.96,Jiayi Printing 嘉艺印务,BR000188
2025-02-27,-985.15,Jiayi Printing 嘉艺印务,BR000189
2025-02-27,168212.95,Xinhe Distribution 信和分销,BR000190
2025-02-28,-246045.26,Xingchen Advertising 星辰广告,BR000191
2025-02-28,-2198.39,Jietu Travel Service 捷途旅行社,BR000192
2025-02-28,-365.21,Bank service charge 银行手续费,BR000193
2025-02-28,31651.96,Qinghe Foods 清禾食品,BR000194
2025-02-28,37337.64,Fuyuan Supermarkets 富源超市,BR000195
2025-03-01,-3329.62,Jietu Travel Service 捷途旅行社,BR000196
2025-03-02,-3408.64,Yunfan Ticketing 云帆票务,BR000197
2025-03-02,-1959.18,Jinyue Restaurant 金悦酒楼,BR000198
2025-03-02,-1215.79,Songhe Tea House 松鹤茶楼,BR000199
2025-03-03,44894.27,Minghui Manufacturing 明辉制造,BR000200
2025-03-03,69396.94,Yuanhang Technology 远航科技,BR000201
2025-03-04,-1698.53,Jietu Travel Service 捷途旅行社,BR000202
2025-03-04,-1305.98,Huaxin Office Supplies 华信办公用品,BR000203
2025-03-04,-1190.05,Jinyue Restaurant 金悦酒楼,BR000204
2025-03-04,-447.95,Huaxin Office Supplies 华信办公用品,BR000205
2025-03-04,-357.88,Huaxin Office Supplies 华信办公用品,BR000206
2025-03-04,21792.42,Guangyao Electric 光耀电器,BR000207
2025-03-04,43470.40,Beichen Trading 北辰贸易,BR000208
2025-03-04,72787.97,Jinhai Industrial 金海实业,BR000209
2025-03-04,83275.87,Yuanhang Technology 远航科技,BR000210
2025-03-04,130272.21,Qinghe Foods 清禾食品,BR000211
2025-03-05,-2846.28,Yunfan Ticketing 云帆票务,BR000212
2025-03-05,-1950.34,Jiayi Printing 嘉艺印务,BR000213
2025-03-05,-1899.22,Yunfan Ticketing 云帆票务,BR000214
2025-03-05,-1758.36,Yunfan Ticketing 云帆票务,BR000215
2025-03-05,-1377.46,Songhe Tea House 松鹤茶楼,BR000216
2025-03-05,-784.93,Jinyue Restaurant 金悦酒楼,BR000217
2025-03-05,-782.20,Huaxin Office Supplies 华信办公用品,BR000218
2025-03-05,54676.30,Beichen Trading 北辰贸易,BR000219
2025-03-05,80866.09,Minghui Manufacturing 明辉制造,BR000220
2025-03-05,176254.51,Beichen Trading 北辰贸易,BR000221
2025-03-06,-60000.00,Hengtai Property 恒泰物业,BR000222
2025-03-06,-1876.01,Jinyue Restaurant 金悦酒楼,BR000223
2025-03-06,106881.12,Yuanhang Technology 远航科技,BR000224
2025-03-06,160731.41,Tongda Retail 通达零售,BR000225
2025-03-07,-5917.28,Jietu Travel Service 捷途旅行社,BR000226
2025-03-07,-2459.31,Songhe Tea House 松鹤茶楼,BR000227
2025-03-07,-2375.97,Songhe Tea House 松鹤茶楼,BR000228
2025-03-07,119466.01,Tongda Retail 通达零售,BR000229
2025-03-09,-2133.34,Songhe Tea House 松鹤茶楼,BR000230
2025-03-09,25853.43,Tongda Retail 通达零售,BR000231
2025-03-09,29659.90,Shunfa Wholesale 顺发批发,BR000232
2025-03-09,74118.80,Anping Hardware 安平五金,BR000233
2025-03-10,18163.24,Tongda Retail 通达零售,BR000234
2025-03-10,24039.98,Longsheng Home 隆盛家居,BR000235
2025-03-10,76174.86,Minghui Manufacturing 明辉制造,BR000236
2025-03-10,95195.06,Guangyao Electric 光耀电器,BR000237
2025-03-10,124556.91,Yuanhang Technology 远航科技,BR000238
2025-03-11,-592414.49,Payroll batch 工资代发,BR000239
2025-03-11,-2986.87,Huaxin Office Supplies 华信办公用品,BR000240
2025-03-11,-1593.01,Songhe Tea House 松鹤茶楼,BR000241
2025-03-11,-1017.84,Songhe Tea House 松鹤茶楼,BR000242
2025-03-11,-847.32,Jiayi Printing 嘉艺印务,BR000243
2025-03-11,19180.22,Qinghe Foods 清禾食品,BR000244
2025-03-11,148489.23,Guangyao Electric 光耀电器,BR000245
2025-03-12,48141.60,Jinhai Industrial 金海实业,BR000246
2025-03-12,65119.82,Beichen Trading 北辰贸易,BR000247
2025-03-12,66449.81,Xinhe Distribution 信和分销,BR000248
2025-03-12,102456.63,Fuyuan Supermarkets 富源超市,BR000249
2025-03-12,107819.06,Minghui Manufacturing 明辉制造,BR000250
2025-03-13,-4497.83,Yunfan Ticketing 云帆票务,BR000251
2025-03-13,-1074.85,Jinyue Restaurant 金悦酒楼,BR000252
2025-03-13,36097.14,Jinhai Industrial 金海实业,BR000253
2025-03-13,54167.16,Xinhe Distribution 信和分销,BR000254
2025-03-14,-47809.40,Jiahe Packaging 嘉禾包装,BR000255
2025-03-14,-1679.32,Jietu Travel Service 捷途旅行社,BR000256
2025-03-14,43165.23,Qinghe Foods 清禾食品,BR000257
2025-03-15,-47248.40,Jiahe Packaging 嘉禾包装,BR000258
2025-03-15,-1932.11,Jinyue Restaurant 金悦酒楼,BR000259
2025-03-15,-531.57,Jiayi Printing 嘉艺印务,BR000260
2025-03-16,26459.93,Minghui Manufacturing 明辉制造,BR000261
2025-03-16,48747.45,Guangyao Electric 光耀电器,BR000262
2025-03-16,48921.10,Tongda Retail 通达零售,BR000263
2025-03-17,-5734.63,Yunfan Ticketing 云帆票务,BR000264
2025-03-17,-2412.99,Jietu Travel Service 捷途旅行社,BR000265
2025-03-17,-1684.95,Jinyue Restaurant 金悦酒楼,BR000266
2025-03-17,27710.72,Anping Hardware 安平五金,BR000267
2025-03-17,30181.83,Fuyuan Supermarkets 富源超市,BR000268
2025-03-17,43764.49,Beichen Trading 北辰贸易,BR000269
2025-03-17,57323.51,Shunfa Wholesale 顺发批发,BR000270
2025-03-17,71018.84,Qinghe Foods 清禾食品,BR000271
2025-03-18,-42945.04,Jiahe Packaging 嘉禾包装,BR000272
2025-03-18,39990.16,Minghui Manufacturing 明辉制造,BR000273
2025-03-18,48140.96,Qinghe Foods 清禾食品,BR000274
2025-03-18,75641.75,Xinhe Distribution 信和分销,BR000275
2025-03-19,-9303.55,Donghu Water and Power 东湖水电,BR000276
2025-03-19,65474.32,Xinhe Distribution 信和分销,BR000277
2025-03-19,123503.96,Minghui Manufacturing 明辉制造,BR000278
2025-03-20,-4261.75,Yunfan Ticketing 云帆票务,BR000279
2025-03-20,-1944.15,Jinyue Restaurant 金悦酒楼,BR000280
2025-03-20,30912.19,Xinhe Distribution 信和分销,BR000281
2025-03-20,45186.07,Guangyao Electric 光耀电器,BR000282
2025-03-21,-3491.25,Yunfan Ticketing 云帆票务,BR000283
2025-03-21,-2524.63,Jinyue Restaurant 金悦酒楼,BR000284
2025-03-21,-1290.79,Jinyue Restaurant 金悦酒楼,BR000285
2025-03-21,-1287.81,Songhe Tea House 松鹤茶楼,BR000286
2025-03-21,66747.12,Shunfa Wholesale 顺发批发,BR000287
2025-03-22,-1251.97,Songhe Tea House 松鹤茶楼,BR000288
2025-03-23,60602.26,Jinhai Industrial 金海实业,BR000289
2025-03-24,18512.93,Xinhe Distribution 信和分销,BR000290
2025-03-24,20865.55,Minghui Manufacturing 明辉制造,BR000291
2025-03-24,43606.07,Tongda Retail 通达零售,BR000292
2025-03-24,55607.73,Jinhai Industrial 金海实业,BR000293
2025-03-24,56498.31,Beichen Trading 北辰贸易,BR000294
2025-03-24,64090.14,Tongda Retail 通达零售,BR000295
2025-03-24,95260.75,Tongda Retail 通达零售,BR000296
2025-03-24,112711.30,Xinhe Distribution 信和分销,BR000297
2025-03-25,-166880.98,Xingchen Advertising 星辰广告,BR000298
2025-03-25,-130409.41,Baocheng Plastics 宝成塑料,BR000299
2025-03-25,-19001.43,Wanli Facility Services 万里设施服务,BR000300
2025-03-25,-6705.12,Jietu Travel Service 捷途旅行社,BR000301
2025-03-25,24643.84,Anping Hardware 安平五金,BR000302
2025-03-25,62627.59,Shunfa Wholesale 顺发批发,BR000303
2025-03-25,65898.73,Yuanhang Technology 远航科技,BR000304
2025-03-25,196289.25,Longsheng Home 隆盛家居,BR000305
2025-03-26,-192637.26,Lianchuang Parts 联创配件,BR000306
2025-03-26,-189531.53,Jiahe Packaging 嘉禾包装,BR000307
2025-03-26,-133457.10,Hongyu Electronics 鸿宇电子,BR000308
2025-03-26,-122401.96,Zhiyuan Consulting 智远咨询,BR000309
2025-03-26,-110603.97,Dingxin Steel 鼎鑫钢材,BR000310
2025-03-26,-103467.90,Tianrui Materials 天瑞物资,BR000311
2025-03-26,-86694.83,Yongsheng Chemicals 永盛化工,BR000312
2025-03-26,-23397.89,Jiahe Packaging 嘉禾包装,BR000313
2025-03-26,-1799.09,Jietu Travel Service 捷途旅行社,BR000314
2025-03-26,-844.15,Huaxin Office Supplies 华信办公用品,BR000315
2025-03-26,23143.54,Beichen Trading 北辰贸易,BR000316
2025-03-26,31471.88,Yuanhang Technology 远航科技,BR000317
2025-03-26,36630.85,Fuyuan Supermarkets 富源超市,BR000318
2025-03-26,71615.57,Guangyao Electric 光耀电器,BR000319
2025-03-26,106179.60,Guangyao Electric 光耀电器,BR000320
2025-03-26,188338.95,Longsheng Home 隆盛家居,BR000321
2025-03-27,-148806.22,Qianfeng Tax Advisory 千峰税务咨询,BR000322
2025-03-27,-123401.74,Kangda Metals 康达金属,BR000323
2025-03-27,-110279.34,Ruifeng Components 瑞丰元件,BR000324
2025-03-27,-100263.35,Huamei Textiles 华美纺织,BR000325
2025-03-27,-1288.31,Jinyue Restaurant 金悦酒楼,BR000326
2025-03-27,-1016.84,Jiayi Printing 嘉艺印务,BR000327
2025-03-27,-869.02,Jiayi Printing 嘉艺印务,BR000328
2025-03-27,-531.32,Jiayi Printing 嘉艺印务,BR000329
2025-03-27,-480.29,Yunfan Ticketing 云帆票务,BR000330
2025-03-27,54187.15,Guangyao Electric 光耀电器,BR000331
2025-03-28,-46495.45,Anjie Equipment Repair 安捷设备维修,BR000332
2025-03-28,-25015.02,Fangzhou Exhibition 方舟会展,BR000333
2025-03-28,-2597.83,Yunfan Ticketing 云帆票务,BR000334
2025-03-28,-2465.11,Jietu Travel Service 捷途旅行社,BR000335
2025-03-28,-1899.07,Jinyue Restaurant 金悦酒楼,BR000336
2025-03-28,-1791.07,Huaxin Office Supplies 华信办公用品,BR000337
2025-03-28,-1495.71,Jinyue Restaurant 金悦酒楼,BR000338
2025-03-28,-1394.27,Jinyue Restaurant 金悦酒楼,BR000339
2025-03-28,-806.75,Songhe Tea House 松鹤茶楼,BR000340
2025-03-28,71965.47,Tongda Retail 通达零售,BR000341
2025-03-28,81355.81,Tongda Retail 通达零售,BR000342
2025-03-29,-2052.25,Yunfan Ticketing 云帆票务,BR000343
2025-03-29,-577.62,Jiayi Printing 嘉艺印务,BR000344
2025-03-30,-4712.85,Songhe Tea House 松鹤茶楼,BR000345
2025-03-30,47056.99,Guangyao Electric 光耀电器,BR000346
2025-03-30,50810.83,Anping Hardware 安平五金,BR000347
2025-03-30,54064.38,Guangyao Electric 光耀电器,BR000348
2025-03-31,-1593.64,Songhe Tea House 松鹤茶楼,BR000349
2025-03-31,-399.62,Bank service charge 银行手续费,BR000350
2025-03-31,16647.75,Tongda Retail 通达零售,BR000351
2025-03-31,68191.88,Longsheng Home 隆盛家居,BR000352
2025-03-31,93444.69,Jinhai Industrial 金海实业,BR000353
2025-03-31,128164.32,Jinhai Industrial 金海实业,BR000354
2025-04-01,-2391.71,Songhe Tea House 松鹤茶楼,BR000355
2025-04-01,-1342.21,Jietu Travel Service 捷途旅行社,BR000356
2025-04-01,41217.39,Minghui Manufacturing 明辉制造,BR000357
2025-04-01,42026.98,Tongda Retail 通达零售,BR000358
2025-04-01,57551.58,Tongda Retail 通达零售,BR000359
2025-04-01,64025.88,Qinghe Foods 清禾食品,BR000360
2025-04-01,74339.38,Tongda Retail 通达零售,BR000361
2025-04-01,82840.24,Yuanhang Technology 远航科技,BR000362
2025-04-02,-2242.41,Jietu Travel Service 捷途旅行社,BR000363
2025-04-02,-992.57,Jinyue Restaurant 金悦酒楼,BR000364
2025-04-03,-3530.53,Songhe Tea House 松鹤茶楼,BR000365
2025-04-03,-1352.86,Jinyue Restaurant 金悦酒楼,BR000366
2025-04-03,-1341.46,Huaxin Office Supplies 华信办公用品,BR000367
2025-04-03,-662.69,Huaxin Office Supplies 华信办公用品,BR000368
2025-04-03,43976.76,Yuanhang Technology 远航科技,BR000369
2025-04-04,-3350.20,Jietu Travel Service 捷途旅行社,BR000370
2025-04-04,-2259.14,Jietu Travel Service 捷途旅行社,BR000371
2025-04-04,-1038.22,Jinyue Restaurant 金悦酒楼,BR000372
2025-04-06,24065.52,Yuanhang Technology 远航科技,BR000373
2025-04-06,80011.54,Minghui Manufacturing 明辉制造,BR000374
2025-04-06,90849.49,Yuanhang Technology 远航科技,BR000375
2025-04-07,-3653.61,Yunfan Ticketing 云帆票务,BR000376
2025-04-07,-1492.41,Songhe Tea House 松鹤茶楼,BR000377
2025-04-07,25878.45,Guangyao Electric 光耀电器,BR000378
2025-04-07,45976.37,Qinghe Foods 清禾食品,BR000379
2025-04-07,94320.08,Xinhe Distribution 信和分销,BR000380
2025-04-07,96546.36,Shunfa Wholesale 顺发批发,BR000381
2025-04-07,135529.76,Qinghe Foods 清禾食品,BR000382
2025-04-08,-1607.76,Jietu Travel Service 捷途旅行社,BR000383
2025-04-08,-760.69,Huaxin Office Supplies 华信办公用品,BR000384
2025-04-08,43986.47,Yuanhang Technology 远航科技,BR000385
2025-04-09,-60000.00,Hengtai Property 恒泰物业,BR000386
2025-04-09,-1233.73,Jiayi Printing 嘉艺印务,BR000387
2025-04-09,27053.87,Minghui Manufacturing 明辉制造,BR000388
2025-04-09,43186.89,Minghui Manufacturing 明辉制造,BR000389
2025-04-09,45959.36,Longsheng Home 隆盛家居,BR000390
2025-04-09,57875.50,Fuyuan Supermarkets 富源超市,BR000391
2025-04-09,77438.21,Yuanhang Technology 远航科技,BR000392
2025-04-10,-5625.44,Jietu Travel Service 捷途旅行社,BR000393
2025-04-10,-3720.31,Yunfan Ticketing 云帆票务,BR000394
2025-04-10,-965.04,Huaxin Office Supplies 华信办公用品,BR000395
2025-04-10,-927.63,Jiayi Printing 嘉艺印务,BR000396
2025-04-10,44133.56,Fuyuan Supermarkets 富源超市,BR000397
2025-04-11,-1750.78,Songhe Tea House 松鹤茶楼,BR000398
2025-04-11,-958.09,Jietu Travel Service 捷途旅行社,BR000399
2025-04-11,-616.18,Jietu Travel Service 捷途旅行社,BR000400
2025-04-11,29899.60,Shunfa Wholesale 顺发批发,BR000401
2025-04-11,86175.28,Minghui Manufacturing 明辉制造,BR000402
2025-04-12,-601923.92,Payroll batch 工资代发,BR000403
2025-04-12,-10450.06,Yunfan Ticketing 云帆票务,BR000404
2025-04-12,-2942.93,Jinyue Restaurant 金悦酒楼,BR000405
2025-04-12,-2539.25,Yunfan Ticketing 云帆票务,BR000406
2025-04-12,-2425.26,Yunfan Ticketing 云帆票务,BR000407
2025-04-12,-1653.66,Jinyue Restaurant 金悦酒楼,BR000408
2025-04-12,-1309.36,Jinyue Restaurant 金悦酒楼,BR000409
2025-04-13,41082.37,Guangyao Electric 光耀电器,BR000410
2025-04-14,-1154.99,Jinyue Restaurant 金悦酒楼,BR000411
2025-04-14,-526.21,Huaxin Office Supplies 华信办公用品,BR000412
2025-04-14,16394.74,Minghui Manufacturing 明辉制造,BR000413
2025-04-14,18110.25,Jinhai Industrial 金海实业,BR000414
2025-04-14,37210.73,Minghui Manufacturing 明辉制造,BR000415
2025-04-14,66584.54,Fuyuan Supermarkets 富源超市,BR000416
2025-04-14,67122.78,Xinhe Distribution 信和分销,BR000417
2025-04-14,130026.02,Guangyao Electric 光耀电器,BR000418
2025-04-15,-10209.50,Donghu Water and Power 东湖水电,BR000419
2025-04-15,-1077.17,Huaxin Office Supplies 华信办公用品,BR000420
2025-04-15,6352.02,Yuanhang Technology 远航科技,BR000421
2025-04-15,12227.65,Yuanhang Technology 远航科技,BR000422
2025-04-15,28531.00,Shunfa Wholesale 顺发批发,BR000423
2025-04-15,58737.50,Jinhai Industrial 金海实业,BR000424
2025-04-15,152786.60,Tongda Retail 通达零售,BR000425
2025-04-16,-2472.28,Jinyue Restaurant 金悦酒楼,BR000426
2025-04-16,-2238.77,Songhe Tea House 松鹤茶楼,BR000427
2025-04-16,-2096.88,Songhe Tea House 松鹤茶楼,BR000428
2025-04-16,-1579.45,Yunfan Ticketing 云帆票务,BR000429
2025-04-16,-1199.26,Yunfan Ticketing 云帆票务,BR000430
2025-04-16,-867.21,Jietu Travel Service 捷途旅行社,BR000431
2025-04-16,12872.41,Beichen Trading 北辰贸易,BR000432
2025-04-16,42317.78,Tongda Retail 通达零售,BR000433
2025-04-17,-4052.25,Songhe Tea House 松鹤茶楼,BR000434
2025-04-17,-3593.85,Songhe Tea House 松鹤茶楼,BR000435
2025-04-17,31612.65,Fuyuan Supermarkets 富源超市,BR000436
2025-04-17,60132.13,Anping Hardware 安平五金,BR000437
2025-04-18,-7559.16,Yunfan Ticketing 云帆票务,BR000438
2025-04-18,-2770.02,Yunfan Ticketing 云帆票务,BR000439
2025-04-18,49128.63,Shunfa Wholesale 顺发批发,BR000440
2025-04-18,81255.66,Jinhai Industrial 金海实业,BR000441
2025-04-19,-3070.62,Jietu Travel Service 捷途旅行社,BR000442
2025-04-19,-1015.68,Huaxin Office Supplies 华信办公用品,BR000443
2025-04-20,-571.94,Jiayi Printing 嘉艺印务,BR000444
2025-04-20,18355.62,Fuyuan Supermarkets 富源超市,BR000445
2025-04-20,39551.20,Minghui Manufacturing 明辉制造,BR000446
2025-04-21,-2680.95,Jietu Travel Service 捷途旅行社,BR000447
2025-04-21,-1627.06,Jietu Travel Service 捷途旅行社,BR000448
2025-04-21,-423.68,Huaxin Office Supplies 华信办公用品,BR000449
2025-04-21,33164.83,Qinghe Foods 清禾食品,BR000450
2025-04-21,34642.31,Shunfa Wholesale 顺发批发,BR000451
2025-04-21,34846.70,Anping Hardware 安平五金,BR000452
2025-04-21,37278.55,Yuanhang Technology 远航科技,BR000453
2025-04-21,84132.70,Anping Hardware 安平五金,BR000454
2025-04-21,87833.84,Qinghe Foods 清禾食品,BR000455
2025-04-21,121170.44,Minghui Manufacturing 明辉制造,BR000456
2025-04-22,-2245.19,Jietu Travel Service 捷途旅行社,BR000457
2025-04-22,27070.00,Jinhai Industrial 金海实业,BR000458
2025-04-22,44387.70,Qinghe Foods 清禾食品,BR000459
2025-04-23,-1166.91,Jinyue Restaurant 金悦酒楼,BR000460
2025-04-23,-673.31,Jietu Travel Service 捷途旅行社,BR000461
2025-04-23,31409.65,Jinhai Industrial 金海实业,BR000462
2025-04-23,43629.19,Longsheng Home 隆盛家居,BR000463
2025-04-23,76608.35,Qinghe Foods 清禾食品,BR000464
2025-04-23,108892.70,Jinhai Industrial 金海实业,BR000465
2025-04-24,-3912.36,Jietu Travel Service 捷途旅行社,BR000466
2025-04-24,-1236.99,Songhe Tea House 松鹤茶楼,BR000467
2025-04-24,203110.69,Yuanhang Technology 远航科技,BR000468
2025-04-25,-267140.13,Tianrui Materials 天瑞物资,BR000469
2025-04-25,-238900.78,Ruifeng Components 瑞丰元件,BR000470
2025-04-25,-191921.12,Hongyu Electronics 鸿宇电子,BR000471
2025-04-25,-166175.32,Qianfeng Tax Advisory 千峰税务咨询,BR000472
2025-04-25,-90988.90,Baocheng Plastics 宝成塑料,BR000473
2025-04-25,-63361.90,Wanli Facility Services 万里设施服务,BR000474
2025-04-25,-44572.82,Xingchen Advertising 星辰广告,BR000475
2025-04-25,-29636.67,Anjie Equipment Repair 安捷设备维修,BR000476
2025-04-25,-5901.33,Yunfan Ticketing 云帆票务,BR000477
2025-04-25,-3115.91,Jietu Travel Service 捷途旅行社,BR000478
2025-04-25,-1061.48,Songhe Tea House 松鹤茶楼,BR000479
2025-04-25,-1047.18,Jiayi Printing 嘉艺印务,BR000480
2025-04-26,-283511.20,Dingxin Steel 鼎鑫钢材,BR000481
2025-04-26,-245692.26,Jiahe Packaging 嘉禾包装,BR000482
2025-04-26,-242028.81,Fangzhou Exhibition 方舟会展,BR000483
2025-04-26,-223097.99,Zhiyuan Consulting 智远咨询,BR000484
2025-04-26,-211112.54,Kangda Metals 康达金属,BR000485
2025-04-26,-193996.65,Huamei Textiles 华美纺织,BR000486
2025-04-26,-124265.48,Yongsheng Chemicals 永盛化工,BR000487
2025-04-26,-6056.43,Songhe Tea House 松鹤茶楼,BR000488
2025-04-26,-2169.69,Jietu Travel Service 捷途旅行社,BR000489
2025-04-27,-206103.96,Lianchuang Parts 联创配件,BR000490
2025-04-27,-2614.96,Jietu Travel Service 捷途旅行社,BR000491
2025-04-27,23430.46,Tongda Retail 通达零售,BR000492
2025-04-27,96779.92,Minghui Manufacturing 明辉制造,BR000493
2025-04-28,14177.38,Xinhe Distribution 信和分销,BR000494
2025-04-28,33624.48,Beichen Trading 北辰贸易,BR000495
2025-04-28,72132.41,Jinhai Industrial 金海实业,BR000496
2025-04-28,74531.04,Guangyao Electric 光耀电器,BR000497
2025-04-28,102418.01,Yuanhang Technology 远航科技,BR000498
2025-04-28,174723.29,Fuyuan Supermarkets 富源超市,BR000499
2025-04-29,28012.51,Minghui Manufacturing 明辉制造,BR000500
2025-04-29,30416.29,Tongda Retail 通达零售,BR000501
2025-04-29,38374.02,Fuyuan Supermarkets 富源超市,BR000502
2025-04-29,38910.32,Tongda Retail 通达零售,BR000503
2025-04-29,120690.70,Yuanhang Technology 远航科技,BR000504
2025-04-29,155488.75,Fuyuan Supermarkets 富源超市,BR000505
2025-04-30,-6221.47,Yunfan Ticketing 云帆票务,BR000506
2025-04-30,-3266.92,Yunfan Ticketing 云帆票务,BR000507
2025-04-30,-3228.96,Yunfan Ticketing 云帆票务,BR000508
2025-04-30,-1235.09,Jiayi Printing 嘉艺印务,BR000509
2025-04-30,-1157.61,Jinyue Restaurant 金悦酒楼,BR000510
2025-04-30,-288.41,Bank service charge 银行手续费,BR000511
2025-04-30,26059.25,Anping Hardware 安平五金,BR000512
2025-05-01,-3016.91,Jietu Travel Service 捷途旅行社,BR000513
2025-05-01,-1512.09,Songhe Tea House 松鹤茶楼,BR000514
2025-05-02,-474.69,Huaxin Office Supplies 华信办公用品,BR000515
2025-05-05,24527.10,Fuyuan Supermarkets 富源超市,BR000516
2025-05-05,89618.57,Shunfa Wholesale 顺发批发,BR000517
2025-05-05,115707.45,Xinhe Distribution 信和分销,BR000518
2025-05-06,-60000.00,Hengtai Property 恒泰物业,BR000519
2025-05-06,14179.55,Fuyuan Supermarkets 富源超市,BR000520
2025-05-06,20506.71,Xinhe Distribution 信和分销,BR000521
2025-05-06,34430.22,Beichen Trading 北辰贸易,BR000522
2025-05-06,37242.51,Yuanhang Technology 远航科技,BR000523
2025-05-06,43482.82,Minghui Manufacturing 明辉制造,BR000524
2025-05-06,54770.26,Minghui Manufacturing 明辉制造,BR000525
2025-05-06,55753.36,Fuyuan Supermarkets 富源超市,BR000526
2025-05-06,63997.61,Guangyao Electric 光耀电器,BR000527
2025-05-06,96257.99,Tongda Retail 通达零售,BR000528
2025-05-06,97279.33,Beichen Trading 北辰贸易,BR000529
2025-05-06,117966.11,Xinhe Distribution 信和分销,BR000530
2025-05-06,142638.57,Jinhai Industrial 金海实业,BR000531
2025-05-06,203357.48,Guangyao Electric 光耀电器,BR000532
2025-05-07,-4721.58,Yunfan Ticketing 云帆票务,BR000533
2025-05-07,-596.87,Jiayi Printing 嘉艺印务,BR000534
2025-05-07,16468.90,Shunfa Wholesale 顺发批发,BR000535
2025-05-07,42230.71,Longsheng Home 隆盛家居,BR000536
2025-05-07,48676.24,Yuanhang Technology 远航科技,BR000537
2025-05-07,87452.29,Tongda Retail 通达零售,BR000538
2025-05-08,-5153.60,Yunfan Ticketing 云帆票务,BR000539
2025-05-08,-3338.74,Huaxin Office Supplies 华信办公用品,BR000540
2025-05-08,-1969.84,Songhe Tea House 松鹤茶楼,BR000541
2025-05-08,-1435.45,Jinyue Restaurant 金悦酒楼,BR000542
2025-05-08,-310.97,Jiayi Printing 嘉艺印务,BR000543
2025-05-08,45633.49,Fuyuan Supermarkets 富源超市,BR000544
2025-05-08,147275.94,Fuyuan Supermarkets 富源超市,BR000545
2025-05-09,-1587.48,Jietu Travel Service 捷途旅行社,BR000546
2025-05-09,32926.76,Yuanhang Technology 远航科技,BR000547
2025-05-09,62596.75,Jinhai Industrial 金海实业,BR000548
2025-05-09,145669.52,Longsheng Home 隆盛家居,BR000549
2025-05-10,-475.35,Huaxin Office Supplies 华信办公用品,BR000550
2025-05-11,-3122.57,Jietu Travel Service 捷途旅行社,BR000551
2025-05-11,18773.28,Fuyuan Supermarkets 富源超市,BR000552
2025-05-11,53953.44,Yuanhang Technology 远航科技,BR000553
2025-05-11,77028.73,Minghui Manufacturing 明辉制造,BR000554
2025-05-11,107758.21,Tongda Retail 通达零售,BR000555
2025-05-11,212529.13,Yuanhang Technology 远航科技,BR000556
2025-05-12,-1166.16,Jietu Travel Service 捷途旅行社,BR000557
2025-05-12,33973.53,Longsheng Home 隆盛家居,BR000558
2025-05-12,41065.99,Beichen Trading 北辰贸易,BR000559
2025-05-12,45410.00,Longsheng Home 隆盛家居,BR000560
2025-05-12,71721.52,Shunfa Wholesale 顺发批发,BR000561
2025-05-12,79953.85,Xinhe Distribution 信和分销,BR000562
2025-05-12,93324.17,Shunfa Wholesale 顺发批发,BR000563
2025-05-12,116823.42,Anping Hardware 安平五金,BR000564
2025-05-13,-598008.17,Payroll batch 工资代发,BR000565
2025-05-13,-1197.39,Jinyue Restaurant 金悦酒楼,BR000566
2025-05-13,12384.60,Beichen Trading 北辰贸易,BR000567
2025-05-13,93775.95,Longsheng Home 隆盛家居,BR000568
2025-05-14,-490.99,Huaxin Office Supplies 华信办公用品,BR000569
2025-05-14,61338.58,Tongda Retail 通达零售,BR000570
2025-05-15,-9432.12,Donghu Water and Power 东湖水电,BR000571
2025-05-15,-1531.68,Jietu Travel Service 捷途旅行社,BR000572
2025-05-15,-962.62,Yunfan Ticketing 云帆票务,BR000573
2025-05-15,63920.21,Tongda Retail 通达零售,BR000574
2025-05-16,-961.20,Jiayi Printing 嘉艺印务,BR000575
2025-05-17,-3618.99,Yunfan Ticketing 云帆票务,BR000576
2025-05-17,-3542.05,Jinyue Restaurant 金悦酒楼,BR000577
2025-05-17,-3153.74,Yunfan Ticketing 云帆票务,BR000578
2025-05-17,-1729.55,Songhe Tea House 松鹤茶楼,BR000579
2025-05-17,-1580.51,Jinyue Restaurant 金悦酒楼,BR000580
2025-05-17,-969.97,Huaxin Office Supplies 华信办公用品,BR000581
2025-05-17,-879.69,Yunfan Ticketing 云帆票务,BR000582
2025-05-18,-2670.86,Yunfan Ticketing 云帆票务,BR000583
2025-05-18,55384.64,Beichen Trading 北辰贸易,BR000584
2025-05-19,57179.66,Minghui Manufacturing 明辉制造,BR000585
2025-05-19,80358.47,Longsheng Home 隆盛家居,BR000586
2025-05-19,100120.80,Xinhe Distribution 信和分销,BR000587
2025-05-20,-49535.60,Lianchuang Parts 联创配件,BR000588
2025-05-20,-2288.60,Jinyue Restaurant 金悦酒楼,BR000589
2025-05-20,-1227.52,Songhe Tea House 松鹤茶楼,BR000590
2025-05-20,9170.32,Jinhai Industrial 金海实业,BR000591
2025-05-20,9978.06,Jinhai Industrial 金海实业,BR000592
2025-05-20,57350.96,Minghui Manufacturing 明辉制造,BR000593
2025-05-20,75177.26,Xinhe Distribution 信和分销,BR000594
2025-05-20,259118.06,Guangyao Electric 光耀电器,BR000595
2025-05-21,-3686.94,Jinyue Restaurant 金悦酒楼,BR000596
2025-05-21,-3240.18,Jinyue Restaurant 金悦酒楼,BR000597
2025-05-21,-2382.26,Yunfan Ticketing 云帆票务,BR000598
2025-05-21,-1781.42,Yunfan Ticketing 云帆票务,BR000599
2025-05-21,33573.89,Yuanhang Technology 远航科技,BR000600
2025-05-21,40341.42,Anping Hardware 安平五金,BR000601
2025-05-22,-45121.55,Lianchuang Parts 联创配件,BR000602
2025-05-22,-44699.26,Lianchuang Parts 联创配件,BR000603
2025-05-22,-3660.27,Yunfan Ticketing 云帆票务,BR000604
2025-05-22,-2240.08,Songhe Tea House 松鹤茶楼,BR000605
2025-05-22,-1539.93,Jinyue Restaurant 金悦酒楼,BR000606
2025-05-22,-915.26,Jiayi Printing 嘉艺印务,BR000607
2025-05-22,53947.44,Guangyao Electric 光耀电器,BR000608
2025-05-22,56969.36,Shunfa Wholesale 顺发批发,BR000609
2025-05-22,71506.37,Tongda Retail 通达零售,BR000610
2025-05-22,71627.74,Qinghe Foods 清禾食品,BR000611
2025-05-22,92600.89,Beichen Trading 北辰贸易,BR000612
2025-05-22,99243.84,Tongda Retail 通达零售,BR000613
2025-05-22,160376.88,Longsheng Home 隆盛家居,BR000614
2025-05-23,-176480.72,Baocheng Plastics 宝成塑料,BR000615
2025-05-23,-122686.85,Qianfeng Tax Advisory 千峰税务咨询,BR000616
2025-05-23,-120802.26,Ruifeng Components 瑞丰元件,BR000617
2025-05-23,-115687.54,Huamei Textiles 华美纺织,BR000618
2025-05-23,-1417.15,Songhe Tea House 松鹤茶楼,BR000619
2025-05-23,66948.17,Minghui Manufacturing 明辉制造,BR000620
2025-05-24,-208356.94,Haotian Machinery 昊天机械,BR000621
2025-05-24,-160396.35,Tianrui Materials 天瑞物资,BR000622
2025-05-24,-131944.80,Hongyu Electronics 鸿宇电子,BR000623
2025-05-24,-83681.43,Lianchuang Parts 联创配件,BR000624
2025-05-24,-62918.49,Yongsheng Chemicals 永盛化工,BR000625
2025-05-24,-50096.12,Wanli Facility Services 万里设施服务,BR000626
2025-05-25,-277940.79,Xingchen Advertising 星辰广告,BR000627
2025-05-25,-235686.87,Jiahe Packaging 嘉禾包装,BR000628
2025-05-25,-204144.02,Fangzhou Exhibition 方舟会展,BR000629
2025-05-25,-148996.09,Kangda Metals 康达金属,BR000630
2025-05-25,-130712.38,Zhiyuan Consulting 智远咨询,BR000631
2025-05-25,-39633.19,Anjie Equipment Repair 安捷设备维修,BR000632
2025-05-25,-2180.78,Jietu Travel Service 捷途旅行社,BR000633
2025-05-25,-1541.34,Jietu Travel Service 捷途旅行社,BR000634
2025-05-25,-1072.85,Yunfan Ticketing 云帆票务,BR000635
2025-05-25,19006.69,Yuanhang Technology 远航科技,BR000636
2025-05-25,24679.38,Beichen Trading 北辰贸易,BR000637
2025-05-25,45207.30,Shunfa Wholesale 顺发批发,BR000638
2025-05-25,79117.32,Xinhe Distribution 信和分销,BR000639
2025-05-25,88796.91,Beichen Trading 北辰贸易,BR000640
2025-05-26,-141859.81,Dingxin Steel 鼎鑫钢材,BR000641
2025-05-26,-5593.47,Jietu Travel Service 捷途旅行社,BR000642
2025-05-26,-1893.61,Jinyue Restaurant 金悦酒楼,BR000643
2025-05-26,17024.58,Fuyuan Supermarkets 富源超市,BR000644
2025-05-26,24483.68,Tongda Retail 通达零售,BR000645
2025-05-26,36491.75,Guangyao Electric 光耀电器,BR000646
2025-05-26,41621.58,Jinhai Industrial 金海实业,BR000647
2025-05-26,54633.84,Guangyao Electric 光耀电器,BR000648
2025-05-26,64913.96,Yuanhang Technology 远航科技,BR000649
2025-05-26,72794.80,Qinghe Foods 清禾食品,BR000650
2025-05-26,92216.00,Guangyao Electric 光耀电器,BR000651
2025-05-27,-2853.23,Jinyue Restaurant 金悦酒楼,BR000652
2025-05-27,-2404.66,Jiayi Printing 嘉艺印务,BR000653
2025-05-27,-2127.35,Jietu Travel Service 捷途旅行社,BR000654
2025-05-27,57828.81,Beichen Trading 北辰贸易,BR000655
2025-05-27,73127.68,Guangyao Electric 光耀电器,BR000656
2025-05-28,-3416.86,Jietu Travel Service 捷途旅行社,BR000657
2025-05-28,-2079.66,Jinyue Restaurant 金悦酒楼,BR000658
2025-05-28,-1478.79,Jietu Travel Service 捷途旅行社,BR000659
2025-05-28,-1460.29,Jietu Travel Service 捷途旅行社,BR000660
2025-05-28,47821.46,Qinghe Foods 清禾食品,BR000661
2025-05-28,48856.33,Longsheng Home 隆盛家居,BR000662
2025-05-29,-3873.28,Jinyue Restaurant 金悦酒楼,BR000663
2025-05-29,-849.81,Songhe Tea House 松鹤茶楼,BR000664
2025-05-29,-765.58,Huaxin Office Supplies 华信办公用品,BR000665
2025-05-29,11972.88,Fuyuan Supermarkets 富源超市,BR000666
2025-05-29,16120.76,Minghui Manufacturing 明辉制造,BR000667
2025-05-29,24461.56,Anping Hardware 安平五金,BR000668
2025-05-29,25486.49,Fuyuan Supermarkets 富源超市,BR000669
2025-05-29,74138.97,Anping Hardware 安平五金,BR000670
2025-05-30,-3448.32,Jietu Travel Service 捷途旅行社,BR000671
2025-05-30,-2189.78,Songhe Tea House 松鹤茶楼,BR000672
2025-05-30,-791.51,Jiayi Printing 嘉艺印务,BR000673
2025-05-30,-213.35,Bank service charge 银行手续费,BR000674
2025-05-30,53062.49,Longsheng Home 隆盛家居,BR000675
2025-05-30,89862.11,Minghui Manufacturing 明辉制造,BR000676
2025-05-31,-2827.81,Jietu Travel Service 捷途旅行社,BR000677
2025-05-31,-1590.79,Huaxin Office Supplies 华信办公用品,BR000678
2025-05-31,-1442.71,Songhe Tea House 松鹤茶楼,BR000679
2025-06-01,-525.25,Huaxin Office Supplies 华信办公用品,BR000680
2025-06-02,17761.01,Guangyao Electric 光耀电器,BR000681
2025-06-02,46317.58,Fuyuan Supermarkets 富源超市,BR000682
2025-06-02,58719.86,Longsheng Home 隆盛家居,BR000683
2025-06-03,-1213.70,Jietu Travel Service 捷途旅行社,BR000684
2025-06-03,45972.52,Beichen Trading 北辰贸易,BR000685
2025-06-04,-5468.73,Jietu Travel Service 捷途旅行社,BR000686
2025-06-04,-2771.83,Yunfan Ticketing 云帆票务,BR000687
2025-06-04,-2388.95,Jietu Travel Service 捷途旅行社,BR000688
2025-06-04,-2349.77,Jietu Travel Service 捷途旅行社,BR000689
2025-06-04,-2095.51,Jietu Travel Service 捷途旅行社,BR000690
2025-06-04,65615.99,Jinhai Industrial 金海实业,BR000691
2025-06-04,101089.69,Beichen Trading 北辰贸易,BR000692
2025-06-05,-1781.73,Jietu Travel Service 捷途旅行社,BR000693
2025-06-05,-1593.71,Yunfan Ticketing 云帆票务,BR000694
2025-06-05,69626.69,Minghui Manufacturing 明辉制造,BR000695
2025-06-06,-60000.00,Hengtai Property 恒泰物业,BR000696
2025-06-06,-1979.56,Huaxin Office Supplies 华信办公用品,BR000697
2025-06-06,-687.56,Huaxin Office Supplies 华信办公用品,BR000698
2025-06-06,28757.17,Longsheng Home 隆盛家居,BR000699
2025-06-06,69843.51,Shunfa Wholesale 顺发批发,BR000700
2025-06-06,88825.36,Anping Hardware 安平五金,BR000701
2025-06-08,-2270.53,Jinyue Restaurant 金悦酒楼,BR000702
2025-06-08,-1097.22,Jietu Travel Service 捷途旅行社,BR000703
2025-06-08,-419.87,Jiayi Printing 嘉艺印务,BR000704
2025-06-08,159897.54,Xinhe Distribution 信和分销,BR000705
2025-06-09,-1344.03,Yunfan Ticketing 云帆票务,BR000706
2025-06-09,-997.80,Jinyue Restaurant 金悦酒楼,BR000707
2025-06-09,42361.98,Longsheng Home 隆盛家居,BR000708
2025-06-09,116616.75,Xinhe Distribution 信和分销,BR000709
2025-06-09,160059.58,Shunfa Wholesale 顺发批发,BR000710
2025-06-10,-1598.31,Songhe Tea House 松鹤茶楼,BR000711
2025-06-10,-726.13,Yunfan Ticketing 云帆票务,BR000712
2025-06-10,-688.93,Huaxin Office Supplies 华信办公用品,BR000713
2025-06-10,51594.07,Beichen Trading 北辰贸易,BR000714
2025-06-11,-2455.37,Jietu Travel Service 捷途旅行社,BR000715
2025-06-11,-2317.64,Yunfan Ticketing 云帆票务,BR000716
2025-06-11,75476.80,Jinhai Industrial 金海实业,BR000717
2025-06-11,104511.30,Anping Hardware 安平五金,BR000718
2025-06-11,188722.46,Tongda Retail 通达零售,BR000719
2025-06-12,-5127.80,Songhe Tea House 松鹤茶楼,BR000720
2025-06-12,-3696.75,Songhe Tea House 松鹤茶楼,BR000721
2025-06-12,-2354.63,Yunfan Ticketing 云帆票务,BR000722
2025-06-12,-1436.44,Songhe Tea House 松鹤茶楼,BR000723
2025-06-12,-476.40,Huaxin Office Supplies 华信办公用品,BR000724
2025-06-12,21410.17,Beichen Trading 北辰贸易,BR000725
2025-06-12,47526.99,Qinghe Foods 清禾食品,BR000726
2025-06-12,60055.18,Jinhai Industrial 金海实业,BR000727
2025-06-13,-608284.39,Payroll batch 工资代发,BR000728
2025-06-13,-3150.25,Jietu Travel Service 捷途旅行社,BR000729
2025-06-13,-3138.97,Jietu Travel Service 捷途旅行社,BR000730
2025-06-13,-2545.78,Jietu Travel Service 捷途旅行社,BR000731
2025-06-14,-2456.94,Jinyue Restaurant 金悦酒楼,BR000732
2025-06-15,-1585.93,Songhe Tea House 松鹤茶楼,BR000733
2025-06-15,-1447.86,Jinyue Restaurant 金悦酒楼,BR000734
2025-06-15,-857.32,Yunfan Ticketing 云帆票务,BR000735
2025-06-15,70557.63,Longsheng Home 隆盛家居,BR000736
2025-06-15,74636.32,Guangyao Electric 光耀电器,BR000737
2025-06-16,26110.23,Minghui Manufacturing 明辉制造,BR000738
2025-06-16,63539.41,Beichen Trading 北辰贸易,BR000739
2025-06-16,70667.97,Fuyuan Supermarkets 富源超市,BR000740
2025-06-16,81716.75,Shunfa Wholesale 顺发批发,BR000741
2025-06-16,119629.31,Fuyuan Supermarkets 富源超市,BR000742
2025-06-16,155172.90,Fuyuan Supermarkets 富源超市,BR000743
2025-06-17,-2060.95,Jietu Travel Service 捷途旅行社,BR000744
2025-06-17,-1995.82,Jietu Travel Service 捷途旅行社,BR000745
2025-06-17,-1655.55,Yunfan Ticketing 云帆票务,BR000746
2025-06-17,9841.25,Longsheng Home 隆盛家居,BR000747
2025-06-17,26288.04,Anping Hardware 安平五金,BR000748
2025-06-17,28209.55,Minghui Manufacturing 明辉制造,BR000749
2025-06-17,60191.34,Qinghe Foods 清禾食品,BR000750
2025-06-17,98260.80,Minghui Manufacturing 明辉制造,BR000751
2025-06-17,108333.86,Yuanhang Technology 远航科技,BR000752
2025-06-17,150141.96,Yuanhang Technology 远航科技,BR000753
2025-06-18,-13901.12,Donghu Water and Power 东湖水电,BR000754
2025-06-18,-3208.14,Yunfan Ticketing 云帆票务,BR000755
2025-06-18,-1898.99,Yunfan Ticketing 云帆票务,BR000756
2025-06-18,-1694.95,Yunfan Ticketing 云帆票务,BR000757
2025-06-18,-1678.14,Jietu Travel Service 捷途旅行社,BR000758
2025-06-18,26882.45,Guangyao Electric 光耀电器,BR000759
2025-06-18,83267.64,Guangyao Electric 光耀电器,BR000760
2025-06-19,-686.62,Songhe Tea House 松鹤茶楼,BR000761
2025-06-19,-653.98,Jiayi Printing 嘉艺印务,BR000762
2025-06-19,-301.90,Jiayi Printing 嘉艺印务,BR000763
2025-06-19,26555.43,Yuanhang Technology 远航科技,BR000764
2025-06-19,33972.67,Fuyuan Supermarkets 富源超市,BR000765
2025-06-20,-4497.12,Songhe Tea House 松鹤茶楼,BR000766
2025-06-20,-869.71,Jietu Travel Service 捷途旅行社,BR000767
2025-06-21,-3366.38,Songhe Tea House 松鹤茶楼,BR000768
2025-06-21,-1711.78,Jinyue Restaurant 金悦酒楼,BR000769
2025-06-21,-1494.95,Jinyue Restaurant 金悦酒楼,BR000770
2025-06-21,-1077.59,Jiayi Printing 嘉艺印务,BR000771
2025-06-21,-622.40,Jietu Travel Service 捷途旅行社,BR000772
2025-06-22,-597.06,Huaxin Office Supplies 华信办公用品,BR000773
2025-06-22,29378.75,Beichen Trading 北辰贸易,BR000774
2025-06-22,59847.37,Beichen Trading 北辰贸易,BR000775
2025-06-22,133544.90,Beichen Trading 北辰贸易,BR000776
2025-06-23,-5732.62,Yunfan Ticketing 云帆票务,BR000777
2025-06-23,-5230.18,Yunfan Ticketing 云帆票务,BR000778
2025-06-23,-2521.68,Yunfan Ticketing 云帆票务,BR000779
2025-06-23,-2053.70,Yunfan Ticketing 云帆票务,BR000780
2025-06-23,11547.37,Tongda Retail 通达零售,BR000781
2025-06-23,20390.19,Beichen Trading 北辰贸易,BR000782
2025-06-23,68614.97,Qinghe Foods 清禾食品,BR000783
2025-06-23,103801.17,Xinhe Distribution 信和分销,BR000784
2025-06-24,-9017.76,Yunfan Ticketing 云帆票务,BR000785
2025-06-24,-2851.92,Songhe Tea House 松鹤茶楼,BR000786
2025-06-24,-2217.02,Jietu Travel Service 捷途旅行社,BR000787
2025-06-24,-211.37,Huaxin Office Supplies 华信办公用品,BR000788
2025-06-24,24434.83,Tongda Retail 通达零售,BR000789
2025-06-25,-338046.13,Qianfeng Tax Advisory 千峰税务咨询,BR000790
2025-06-25,-163358.14,Yongsheng Chemicals 永盛化工,BR000791
2025-06-25,-102179.79,Lianchuang Parts 联创配件,BR000792
2025-06-25,-416.75,Huaxin Office Supplies 华信办公用品,BR000793
2025-06-25,64962.21,Guangyao Electric 光耀电器,BR000794
2025-06-25,83066.54,Tongda Retail 通达零售,BR000795
2025-06-26,-234015.83,Hongyu Electronics 鸿宇电子,BR000796
2025-06-26,-169763.90,Zhiyuan Consulting 智远咨询,BR000797
2025-06-26,-143979.23,Xingchen Advertising 星辰广告,BR000798
2025-06-26,-139187.55,Tianrui Materials 天瑞物资,BR000799
2025-06-26,-124696.54,Huamei Textiles 华美纺织,BR000800
2025-06-26,-74238.56,Kangda Metals 康达金属,BR000801
2025-06-26,-3304.04,Jinyue Restaurant 金悦酒楼,BR000802
2025-06-26,-1212.39,Jinyue Restaurant 金悦酒楼,BR000803
2025-06-26,-1015.74,Yunfan Ticketing 云帆票务,BR000804
2025-06-26,-710.64,Jiayi Printing 嘉艺印务,BR000805
2025-06-26,-314.53,Huaxin Office Supplies 华信办公用品,BR000806
2025-06-26,13238.36,Minghui Manufacturing 明辉制造,BR000807
2025-06-26,38628.44,Tongda Retail 通达零售,BR000808
2025-06-26,42257.88,Tongda Retail 通达零售,BR000809
2025-06-26,52097.64,Anping Hardware 安平五金,BR000810
2025-06-26,80664.46,Longsheng Home 隆盛家居,BR000811
2025-06-26,100665.90,Guangyao Electric 光耀电器,BR000812
2025-06-27,-182954.23,Ruifeng Components 瑞丰元件,BR000813
2025-06-27,-181641.34,Dingxin Steel 鼎鑫钢材,BR000814
2025-06-27,-154841.27,Jiahe Packaging 嘉禾包装,BR000815
2025-06-27,-91335.22,Wanli Facility Services 万里设施服务,BR000816
2025-06-27,-49133.79,Anjie Equipment Repair 安捷设备维修,BR000817
2025-06-27,-2241.45,Songhe Tea House 松鹤茶楼,BR000818
2025-06-27,-1444.08,Jiayi Printing 嘉艺印务,BR000819
2025-06-27,25374.74,Shunfa Wholesale 顺发批发,BR000820
2025-06-27,46156.74,Yuanhang Technology 远航科技,BR000821
2025-06-28,-260773.35,Baocheng Plastics 宝成塑料,BR000822
2025-06-28,-82732.54,Fangzhou Exhibition 方舟会展,BR000823
2025-06-28,-2910.62,Jinyue Restaurant 金悦酒楼,BR000824
2025-06-28,-2141.42,Jiayi Printing 嘉艺印务,BR000825
2025-06-28,-1003.48,Jinyue Restaurant 金悦酒楼,BR000826
2025-06-29,-3432.31,Jinyue Restaurant 金悦酒楼,BR000827
2025-06-29,33047.97,Yuanhang Technology 远航科技,BR000828
2025-06-29,65641.33,Longsheng Home 隆盛家居,BR000829
2025-06-30,-1724.61,Jinyue Restaurant 金悦酒楼,BR000830
2025-06-30,-236.96,Bank service charge 银行手续费,BR000831
2025-06-30,27993.30,Minghui Manufacturing 明辉制造,BR000832
2025-06-30,31048.43,Fuyuan Supermarkets 富源超市,BR000833
2025-06-30,73874.65,Anping Hardware 安平五金,BR000834
2025-06-30,86248.90,Jinhai Industrial 金海实业,BR000835
2025-06-30,121190.70,Beichen Trading 北辰贸易,BR000836
2025-07-01,-2795.30,Jietu Travel Service 捷途旅行社,BR000837
2025-07-01,-1983.75,Songhe Tea House 松鹤茶楼,BR000838
2025-07-01,-889.68,Songhe Tea House 松鹤茶楼,BR000839
2025-07-01,-790.49,Jinyue Restaurant 金悦酒楼,BR000840
2025-07-01,61147.40,Tongda Retail 通达零售,BR000841
2025-07-01,73326.50,Xinhe Distribution 信和分销,BR000842
2025-07-01,75185.89,Fuyuan Supermarkets 富源超市,BR000843
2025-07-01,75244.97,Jinhai Industrial 金海实业,BR000844
2025-07-01,97013.98,Tongda Retail 通达零售,BR000845
2025-07-02,-1820.18,Yunfan Ticketing 云帆票务,BR000846
2025-07-02,-1458.86,Songhe Tea House 松鹤茶楼,BR000847
2025-07-03,-2611.58,Jietu Travel Service 捷途旅行社,BR000848
2025-07-03,-1934.66,Jinyue Restaurant 金悦酒楼,BR000849
2025-07-03,-1894.27,Songhe Tea House 松鹤茶楼,BR000850
2025-07-03,-1623.60,Yunfan Ticketing 云帆票务,BR000851
2025-07-03,69415.64,Beichen Trading 北辰贸易,BR000852
2025-07-03,85728.23,Anping Hardware 安平五金,BR000853
2025-07-04,-3036.35,Jietu Travel Service 捷途旅行社,BR000854
2025-07-04,-1808.19,Yunfan Ticketing 云帆票务,BR000855
2025-07-04,-1570.69,Jiayi Printing 嘉艺印务,BR000856
2025-07-04,-1495.74,Jietu Travel Service 捷途旅行社,BR000857
2025-07-04,-1083.26,Jiayi Printing 嘉艺印务,BR000858
2025-07-04,12305.50,Minghui Manufacturing 明辉制造,BR000859
2025-07-04,89698.47,Guangyao Electric 光耀电器,BR000860
2025-07-04,94202.47,Qinghe Foods 清禾食品,BR000861
2025-07-05,-2621.51,Yunfan Ticketing 云帆票务,BR000862
2025-07-06,89471.73,Yuanhang Technology 远航科技,BR000863
2025-07-07,-873.40,Jinyue Restaurant 金悦酒楼,BR000864
2025-07-07,-736.06,Huaxin Office Supplies 华信办公用品,BR000865
2025-07-07,19200.23,Beichen Trading 北辰贸易,BR000866
2025-07-07,33200.35,Qinghe Foods 清禾食品,BR000867
2025-07-07,45143.48,Fuyuan Supermarkets 富源超市,BR000868
2025-07-07,50477.05,Longsheng Home 隆盛家居,BR000869
2025-07-07,56983.74,Beichen Trading 北辰贸易,BR000870
2025-07-07,73725.09,Beichen Trading 北辰贸易,BR000871
2025-07-07,123835.63,Longsheng Home 隆盛家居,BR000872
2025-07-07,230197.03,Fuyuan Supermarkets 富源超市,BR000873
2025-07-08,-60000.00,Hengtai Property 恒泰物业,BR000874
2025-07-08,-177.05,Jiayi Printing 嘉艺印务,BR000875
2025-07-08,27030.46,Minghui Manufacturing 明辉制造,BR000876
2025-07-08,46686.14,Tongda Retail 通达零售,BR000877
2025-07-08,54056.99,Minghui Manufacturing 明辉制造,BR000878
2025-07-09,-1475.59,Jiayi Printing 嘉艺印务,BR000879
2025-07-09,-1017.56,Yunfan Ticketing 云帆票务,BR000880
2025-07-09,-875.72,Jiayi Printing 嘉艺印务,BR000881
2025-07-09,45254.86,Xinhe Distribution 信和分销,BR000882
2025-07-09,71632.47,Longsheng Home 隆盛家居,BR000883
2025-07-09,183651.20,Tongda Retail 通达零售,BR000884
2025-07-10,-4885.49,Jietu Travel Service 捷途旅行社,BR000885
2025-07-10,-3537.35,Jinyue Restaurant 金悦酒楼,BR000886
2025-07-10,-1293.52,Jiayi Printing 嘉艺印务,BR000887
2025-07-10,22150.18,Longsheng Home 隆盛家居,BR000888
2025-07-10,36589.48,Longsheng Home 隆盛家居,BR000889
2025-07-10,46015.02,Longsheng Home 隆盛家居,BR000890
2025-07-10,59514.35,Xinhe Distribution 信和分销,BR000891
2025-07-10,82483.85,Qinghe Foods 清禾食品,BR000892
2025-07-10,100203.21,Jinhai Industrial 金海实业,BR000893
2025-07-11,-601869.80,Payroll batch 工资代发,BR000894
2025-07-11,-1889.34,Jiayi Printing 嘉艺印务,BR000895
2025-07-11,-401.29,Jinyue Restaurant 金悦酒楼,BR000896
2025-07-11,15150.71,Anping Hardware 安平五金,BR000897
2025-07-11,42501.93,Jinhai Industrial 金海实业,BR000898
2025-07-11,86686.23,Anping Hardware 安平五金,BR000899
2025-07-13,-1590.57,Jiayi Printing 嘉艺印务,BR000900
2025-07-13,22837.33,Xinhe Distribution 信和分销,BR000901
2025-07-13,29962.20,Yuanhang Technology 远航科技,BR000902
2025-07-13,80847.06,Beichen Trading 北辰贸易,BR000903
2025-07-13,125676.72,Qinghe Foods 清禾食品,BR000904
2025-07-14,-1954.75,Yunfan Ticketing 云帆票务,BR000905
2025-07-14,-1741.66,Jinyue Restaurant 金悦酒楼,BR000906
2025-07-14,27669.28,Shunfa Wholesale 顺发批发,BR000907
2025-07-14,40965.07,Minghui Manufacturing 明辉制造,BR000908
2025-07-14,47066.64,Guangyao Electric 光耀电器,BR000909
2025-07-14,75512.40,Shunfa Wholesale 顺发批发,BR000910
2025-07-14,76040.30,Fuyuan Supermarkets 富源超市,BR000911
2025-07-14,174620.48,Yuanhang Technology 远航科技,BR000912
2025-07-15,-5226.95,Jietu Travel Service 捷途旅行社,BR000913
2025-07-15,-4641.97,Jietu Travel Service 捷途旅行社,BR000914
2025-07-15,-1625.02,Jiayi Printing 嘉艺印务,BR000915
2025-07-15,-1050.85,Jietu Travel Service 捷途旅行社,BR000916
2025-07-15,-603.55,Huaxin Office Supplies 华信办公用品,BR000917
2025-07-15,51182.14,Qinghe Foods 清禾食品,BR000918
2025-07-15,74883.83,Minghui Manufacturing 明辉制造,BR000919
2025-07-15,180581.96,Longsheng Home 隆盛家居,BR000920
2025-07-16,-3169.47,Yunfan Ticketing 云帆票务,BR000921
2025-07-16,-1095.88,Jiayi Printing 嘉艺印务,BR000922
2025-07-16,40002.73,Yuanhang Technology 远航科技,BR000923
2025-07-16,44353.38,Tongda Retail 通达零售,BR000924
2025-07-16,61564.82,Fuyuan Supermarkets 富源超市,BR000925
2025-07-17,-48079.66,Yongsheng Chemicals 永盛化工,BR000926
2025-07-17,-47970.00,Yongsheng Chemicals 永盛化工,BR000927
2025-07-17,-9923.00,Donghu Water and Power 东湖水电,BR000928
2025-07-17,-1117.67,Jinyue Restaurant 金悦酒楼,BR000929
2025-07-17,-597.30,Yunfan Ticketing 云帆票务,BR000930
2025-07-17,114864.22,Longsheng Home 隆盛家居,BR000931
2025-07-18,-1266.04,Huaxin Office Supplies 华信办公用品,BR000932
2025-07-18,-1021.64,Huaxin Office Supplies 华信办公用品,BR000933
2025-07-18,135223.10,Anping Hardware 安平五金,BR000934
2025-07-18,156322.18,Longsheng Home 隆盛家居,BR000935
2025-07-19,-43018.37,Yongsheng Chemicals 永盛化工,BR000936
2025-07-19,-1698.83,Jietu Travel Service 捷途旅行社,BR000937
2025-07-19,-860.71,Jiayi Printing 嘉艺印务,BR000938
2025-07-20,-1806.64,Jinyue Restaurant 金悦酒楼,BR000939
2025-07-20,-1720.79,Jinyue Restaurant 金悦酒楼,BR000940
2025-07-20,35996.46,Qinghe Foods 清禾食品,BR000941
2025-07-20,43791.69,Longsheng Home 隆盛家居,BR000942
2025-07-21,20336.20,Yuanhang Technology 远航科技,BR000943
2025-07-21,21159.68,Xinhe Distribution 信和分销,BR000944
2025-07-21,21625.62,Shunfa Wholesale 顺发批发,BR000945
2025-07-21,45388.91,Beichen Trading 北辰贸易,BR000946
2025-07-21,187611.18,Fuyuan Supermarkets 富源超市,BR000947
2025-07-22,-3851.90,Songhe Tea House 松鹤茶楼,BR000948
2025-07-22,-2679.90,Jietu Travel Service 捷途旅行社,BR000949
2025-07-22,39476.95,Fuyuan Supermarkets 富源超市,BR000950
2025-07-22,52665.39,Longsheng Home 隆盛家居,BR000951
2025-07-23,-2844.40,Yunfan Ticketing 云帆票务,BR000952
2025-07-23,-430.83,Jiayi Printing 嘉艺印务,BR000953
2025-07-23,39318.23,Anping Hardware 安平五金,BR000954
2025-07-23,60082.03,Qinghe Foods 清禾食品,BR000955
2025-07-23,75808.85,Minghui Manufacturing 明辉制造,BR000956
2025-07-23,82687.26,Fuyuan Supermarkets 富源超市,BR000957
2025-07-24,-2055.47,Yunfan Ticketing 云帆票务,BR000958
2025-07-24,-1887.58,Yunfan Ticketing 云帆票务,BR000959
2025-07-24,-499.15,Huaxin Office Supplies 华信办公用品,BR000960
2025-07-24,24737.55,Jinhai Industrial 金海实业,BR000961
2025-07-24,108260.98,Longsheng Home 隆盛家居,BR000962
2025-07-24,179682.20,Qinghe Foods 清禾食品,BR000963
2025-07-25,-238854.18,Xingchen Advertising 星辰广告,BR000964
2025-07-25,-211820.31,Tianrui Materials 天瑞物资,BR000965
2025-07-25,-73839.57,Anjie Equipment Repair 安捷设备维修,BR000966
2025-07-25,-1396.81,Jinyue Restaurant 金悦酒楼,BR000967
2025-07-25,20621.06,Guangyao Electric 光耀电器,BR000968
2025-07-25,53655.78,Xinhe Distribution 信和分销,BR000969
2025-07-25,127824.63,Fuyuan Supermarkets 富源超市,BR000970
2025-07-26,-239371.00,Dingxin Steel 鼎鑫钢材,BR000971
2025-07-26,-205756.29,Zhiyuan Consulting 智远咨询,BR000972
2025-07-26,-198781.67,Lianchuang Parts 联创配件,BR000973
2025-07-26,-164151.10,Baocheng Plastics 宝成塑料,BR000974
2025-07-26,-155999.45,Jiahe Packaging 嘉禾包装,BR000975
2025-07-26,-143076.00,Hongyu Electronics 鸿宇电子,BR000976
2025-07-26,-73115.27,Wanli Facility Services 万里设施服务,BR000977
2025-07-26,-1952.99,Jietu Travel Service 捷途旅行社,BR000978
2025-07-26,-1037.11,Jiayi Printing 嘉艺印务,BR000979
2025-07-26,-850.48,Huaxin Office Supplies 华信办公用品,BR000980
2025-07-27,-292463.51,Fangzhou Exhibition 方舟会展,BR000981
2025-07-27,-239749.05,Huamei Textiles 华美纺织,BR000982
2025-07-27,-223787.18,Qianfeng Tax Advisory 千峰税务咨询,BR000983
2025-07-27,-200876.63,Kangda Metals 康达金属,BR000984
2025-07-27,-167997.72,Ruifeng Components 瑞丰元件,BR000985
2025-07-27,-133763.60,Yongsheng Chemicals 永盛化工,BR000986
2025-07-27,-1465.14,Songhe Tea House 松鹤茶楼,BR000987
2025-07-27,27202.42,Anping Hardware 安平五金,BR000988
2025-07-27,94682.49,Beichen Trading 北辰贸易,BR000989
2025-07-27,100665.02,Shunfa Wholesale 顺发批发,BR000990
2025-07-28,-632.34,Huaxin Office Supplies 华信办公用品,BR000991
2025-07-28,37048.18,Anping Hardware 安平五金,BR000992
2025-07-28,49345.16,Shunfa Wholesale 顺发批发,BR000993
2025-07-28,61416.81,Shunfa Wholesale 顺发批发,BR000994
2025-07-28,67943.24,Fuyuan Supermarkets 富源超市,BR000995
2025-07-28,86827.82,Yuanhang Technology 远航科技,BR000996
2025-07-28,175850.40,Shunfa Wholesale 顺发批发,BR000997
2025-07-29,-3496.19,Jinyue Restaurant 金悦酒楼,BR000998
2025-07-29,-2260.02,Jietu Travel Service 捷途旅行社,BR000999
2025-07-29,-1607.89,Songhe Tea House 松鹤茶楼,BR001000
2025-07-29,-1560.92,Jietu Travel Service 捷途旅行社,BR001001
2025-07-29,-877.31,Huaxin Office Supplies 华信办公用品,BR001002
2025-07-29,47461.30,Longsheng Home 隆盛家居,BR001003
2025-07-29,61948.54,Minghui Manufacturing 明辉制造,BR001004
2025-07-29,91069.02,Minghui Manufacturing 明辉制造,BR001005
2025-07-30,-5001.64,Songhe Tea House 松鹤茶楼,BR001006
2025-07-30,-4954.39,Jietu Travel Service 捷途旅行社,BR001007
2025-07-30,-2843.29,Jietu Travel Service 捷途旅行社,BR001008
2025-07-30,-1983.30,Jietu Travel Service 捷途旅行社,BR001009
2025-07-30,-771.30,Yunfan Ticketing 云帆票务,BR001010
2025-07-30,35374.58,Yuanhang Technology 远航科技,BR001011
2025-07-30,38635.36,Tongda Retail 通达零售,BR001012
2025-07-31,-1893.76,Jiayi Printing 嘉艺印务,BR001013
2025-07-31,-292.28,Bank service charge 银行手续费,BR001014
2025-07-31,14886.52,Shunfa Wholesale 顺发批发,BR001015
2025-07-31,31133.40,Minghui Manufacturing 明辉制造,BR001016
2025-07-31,43539.08,Jinhai Industrial 金海实业,BR001017
2025-08-01,-3009.97,Yunfan Ticketing 云帆票务,BR001018
2025-08-01,-2182.54,Jietu Travel Service 捷途旅行社,BR001019
2025-08-01,46000.51,Xinhe Distribution 信和分销,BR001020
2025-08-01,78979.70,Yuanhang Technology 远航科技,BR001021
2025-08-02,-3816.41,Yunfan Ticketing 云帆票务,BR001022
2025-08-02,-3326.54,Songhe Tea House 松鹤茶楼,BR001023
2025-08-02,-2296.55,Jietu Travel Service 捷途旅行社,BR001024
2025-08-03,-529.89,Huaxin Office Supplies 华信办公用品,BR001025
2025-08-03,32307.41,Longsheng Home 隆盛家居,BR001026
2025-08-03,83192.86,Jinhai Industrial 金海实业,BR001027
2025-08-03,89230.57,Anping Hardware 安平五金,BR001028
2025-08-04,-3686.69,Jietu Travel Service 捷途旅行社,BR001029
2025-08-04,-1696.39,Jinyue Restaurant 金悦酒楼,BR001030
2025-08-04,28149.02,Fuyuan Supermarkets 富源超市,BR001031
2025-08-04,49040.09,Xinhe Distribution 信和分销,BR001032
2025-08-04,49267.84,Guangyao Electric 光耀电器,BR001033
2025-08-04,60826.42,Guangyao Electric 光耀电器,BR001034
2025-08-04,90983.74,Beichen Trading 北辰贸易,BR001035
2025-08-04,233146.33,Jinhai Industrial 金海实业,BR001036
2025-08-05,-60000.00,Hengtai Property 恒泰物业,BR001037
2025-08-05,-1874.33,Jinyue Restaurant 金悦酒楼,BR001038
2025-08-05,31623.83,Tongda Retail 通达零售,BR001039
2025-08-05,74856.73,Minghui Manufacturing 明辉制造,BR001040
2025-08-05,142743.30,Fuyuan Supermarkets 富源超市,BR001041
2025-08-05,182722.83,Qinghe Foods 清禾食品,BR001042
2025-08-06,-4616.09,Songhe Tea House 松鹤茶楼,BR001043
2025-08-06,-4337.20,Jinyue Restaurant 金悦酒楼,BR001044
2025-08-06,-1711.85,Jinyue Restaurant 金悦酒楼,BR001045
2025-08-06,-1466.03,Jinyue Restaurant 金悦酒楼,BR001046
2025-08-06,-788.10,Jiayi Printing 嘉艺印务,BR001047
2025-08-06,-427.50,Huaxin Office Supplies 华信办公用品,BR001048
2025-08-06,-372.90,Jiayi Printing 嘉艺印务,BR001049
2025-08-06,-274.54,Jiayi Printing 嘉艺印务,BR001050
2025-08-06,55773.61,Minghui Manufacturing 明辉制造,BR001051
2025-08-06,82541.19,Minghui Manufacturing 明辉制造,BR001052
2025-08-06,103440.05,Qinghe Foods 清禾食品,BR001053
2025-08-06,120988.23,Anping Hardware 安平五金,BR001054
2025-08-07,-3915.72,Yunfan Ticketing 云帆票务,BR001055
2025-08-07,-2854.88,Jietu Travel Service 捷途旅行社,BR001056
2025-08-07,41344.98,Anping Hardware 安平五金,BR001057
2025-08-07,117092.58,Jinhai Industrial 金海实业,BR001058
2025-08-07,187038.85,Fuyuan Supermarkets 富源超市,BR001059
2025-08-08,-5881.24,Jietu Travel Service 捷途旅行社,BR001060
2025-08-08,-3114.99,Jietu Travel Service 捷途旅行社,BR001061
2025-08-08,-2808.94,Jinyue Restaurant 金悦酒楼,BR001062
2025-08-08,-2801.13,Jietu Travel Service 捷途旅行社,BR001063
2025-08-08,-2601.64,Jinyue Restaurant 金悦酒楼,BR001064
2025-08-08,-1169.35,Songhe Tea House 松鹤茶楼,BR001065
2025-08-08,-1062.24,Yunfan Ticketing 云帆票务,BR001066
2025-08-08,-651.19,Jietu Travel Service 捷途旅行社,BR001067
2025-08-08,23167.28,Beichen Trading 北辰贸易,BR001068
2025-08-08,218839.51,Tongda Retail 通达零售,BR001069
2025-08-09,-881.55,Jiayi Printing 嘉艺印务,BR001070
2025-08-10,-933.52,Yunfan Ticketing 云帆票务,BR001071
2025-08-10,31688.75,Qinghe Foods 清禾食品,BR001072
2025-08-12,-596421.25,Payroll batch 工资代发,BR001073
2025-08-12,-1529.83,Jinyue Restaurant 金悦酒楼,BR001074
2025-08-12,26802.41,Tongda Retail 通达零售,BR001075
2025-08-12,32194.01,Guangyao Electric 光耀电器,BR001076
2025-08-12,48306.96,Fuyuan Supermarkets 富源超市,BR001077
2025-08-12,54580.19,Longsheng Home 隆盛家居,BR001078
2025-08-12,244342.78,Longsheng Home 隆盛家居,BR001079
2025-08-13,-5239.95,Yunfan Ticketing 云帆票务,BR001080
2025-08-13,-746.19,Jiayi Printing 嘉艺印务,BR001081
2025-08-13,47317.67,Minghui Manufacturing 明辉制造,BR001082
2025-08-13,81601.39,Guangyao Electric 光耀电器,BR001083
2025-08-13,101944.78,Minghui Manufacturing 明辉制造,BR001084
2025-08-14,-3312.53,Jietu Travel Service 捷途旅行社,BR001085
2025-08-14,-2256.46,Jinyue Restaurant 金悦酒楼,BR001086
2025-08-14,-1518.27,Jiayi Printing 嘉艺印务,BR001087
2025-08-14,-1212.31,Huaxin Office Supplies 华信办公用品,BR001088
2025-08-14,-736.65,Jiayi Printing 嘉艺印务,BR001089
2025-08-14,18738.18,Jinhai Industrial 金海实业,BR001090
2025-08-14,58135.92,Tongda Retail 通达零售,BR001091
2025-08-14,88309.73,Qinghe Foods 清禾食品,BR001092
2025-08-15,-11616.70,Donghu Water and Power 东湖水电,BR001093
2025-08-15,-5851.43,Songhe Tea House 松鹤茶楼,BR001094
2025-08-15,-4933.00,Jietu Travel Service 捷途旅行社,BR001095
2025-08-15,-2562.62,Songhe Tea House 松鹤茶楼,BR001096
2025-08-15,-1964.74,Songhe Tea House 松鹤茶楼,BR001097
2025-08-15,-1836.26,Jietu Travel Service 捷途旅行社,BR001098
2025-08-15,-1451.04,Huaxin Office Supplies 华信办公用品,BR001099
2025-08-16,-2681.75,Songhe Tea House 松鹤茶楼,BR001100
2025-08-16,-1805.79,Jinyue Restaurant 金悦酒楼,BR001101
2025-08-17,-865.23,Huaxin Office Supplies 华信办公用品,BR001102
2025-08-17,20614.68,Longsheng Home 隆盛家居,BR001103
2025-08-17,37575.61,Xinhe Distribution 信和分销,BR001104
2025-08-17,231175.34,Fuyuan Supermarkets 富源超市,BR001105
2025-08-18,-864.38,Jiayi Printing 嘉艺印务,BR001106
2025-08-18,27750.22,Anping Hardware 安平五金,BR001107
2025-08-18,40469.51,Beichen Trading 北辰贸易,BR001108
2025-08-18,49776.61,Tongda Retail 通达零售,BR001109
2025-08-18,65414.95,Jinhai Industrial 金海实业,BR001110
2025-08-18,68648.52,Xinhe Distribution 信和分销,BR001111
2025-08-18,77770.92,Xinhe Distribution 信和分销,BR001112
2025-08-18,99988.48,Qinghe Foods 清禾食品,BR001113
2025-08-18,118415.60,Anping Hardware 安平五金,BR001114
2025-08-19,-1740.69,Jinyue Restaurant 金悦酒楼,BR001115
2025-08-19,-912.84,Huaxin Office Supplies 华信办公用品,BR001116
2025-08-19,-854.24,Jiayi Printing 嘉艺印务,BR001117
2025-08-19,29675.66,Tongda Retail 通达零售,BR001118
2025-08-20,-4376.91,Jietu Travel Service 捷途旅行社,BR001119
2025-08-20,-3578.58,Jietu Travel Service 捷途旅行社,BR001120
2025-08-20,-833.82,Songhe Tea House 松鹤茶楼,BR001121
2025-08-20,44260.57,Minghui Manufacturing 明辉制造,BR001122
2025-08-20,47659.70,Tongda Retail 通达零售,BR001123
2025-08-20,116375.28,Tongda Retail 通达零售,BR001124
2025-08-20,131574.36,Beichen Trading 北辰贸易,BR001125
2025-08-21,-3660.48,Jietu Travel Service 捷途旅行社,BR001126
2025-08-21,-2203.23,Jinyue Restaurant 金悦酒楼,BR001127
2025-08-21,-1539.71,Huaxin Office Supplies 华信办公用品,BR001128
2025-08-21,-1059.12,Songhe Tea House 松鹤茶楼,BR001129
2025-08-21,-845.02,Jiayi Printing 嘉艺印务,BR001130
2025-08-21,30707.16,Anping Hardware 安平五金,BR001131
2025-08-21,70575.66,Qinghe Foods 清禾食品,BR001132
2025-08-21,72830.00,Shunfa Wholesale 顺发批发,BR001133
2025-08-21,121546.47,Tongda Retail 通达零售,BR001134
2025-08-22,-5143.76,Jietu Travel Service 捷途旅行社,BR001135
2025-08-22,-2141.34,Jietu Travel Service 捷途旅行社,BR001136
2025-08-22,-1510.55,Jiayi Printing 嘉艺印务,BR001137
2025-08-22,-1042.44,Jiayi Printing 嘉艺印务,BR001138
2025-08-22,-434.41,Huaxin Office Supplies 华信办公用品,BR001139
2025-08-22,47605.62,Anping Hardware 安平五金,BR001140
2025-08-22,133800.85,Shunfa Wholesale 顺发批发,BR001141
2025-08-23,-4381.11,Yunfan Ticketing 云帆票务,BR001142
2025-08-23,-1589.52,Jinyue Restaurant 金悦酒楼,BR001143
2025-08-24,39557.24,Fuyuan Supermarkets 富源超市,BR001144
2025-08-24,43755.22,Beichen Trading 北辰贸易,BR001145
2025-08-24,44300.84,Yuanhang Technology 远航科技,BR001146
2025-08-24,140600.41,Fuyuan Supermarkets 富源超市,BR001147
2025-08-24,201136.33,Qinghe Foods 清禾食品,BR001148
2025-08-25,-198109.52,Huamei Textiles 华美纺织,BR001149
2025-08-25,-157949.78,Kangda Metals 康达金属,BR001150
2025-08-25,-156804.97,Dingxin Steel 鼎鑫钢材,BR001151
2025-08-25,-2086.79,Yunfan Ticketing 云帆票务,BR001152
2025-08-25,-1857.62,Huaxin Office Supplies 华信办公用品,BR001153
2025-08-25,-1347.21,Huaxin Office Supplies 华信办公用品,BR001154
2025-08-25,12770.24,Anping Hardware 安平五金,BR001155
2025-08-25,28668.05,Jinhai Industrial 金海实业,BR001156
2025-08-25,37485.42,Shunfa Wholesale 顺发批发,BR001157
2025-08-25,86983.99,Beichen Trading 北辰贸易,BR001158
2025-08-25,142399.91,Xinhe Distribution 信和分销,BR001159
2025-08-25,246356.06,Xinhe Distribution 信和分销,BR001160
2025-08-26,-249179.72,Zhiyuan Consulting 智远咨询,BR001161
2025-08-26,-154442.41,Hongyu Electronics 鸿宇电子,BR001162
2025-08-26,-95960.53,Ruifeng Components 瑞丰元件,BR001163
2025-08-26,-77655.31,Anjie Equipment Repair 安捷设备维修,BR001164
2025-08-26,-66192.47,Xingchen Advertising 星辰广告,BR001165
2025-08-26,-64249.59,Wanli Facility Services 万里设施服务,BR001166
2025-08-26,-64158.53,Fangzhou Exhibition 方舟会展,BR001167
2025-08-26,-55609.29,Baocheng Plastics 宝成塑料,BR001168
2025-08-26,-2137.70,Jietu Travel Service 捷途旅行社,BR001169
2025-08-26,-1204.65,Songhe Tea House 松鹤茶楼,BR001170
2025-08-26,42449.83,Fuyuan Supermarkets 富源超市,BR001171
2025-08-26,44668.63,Guangyao Electric 光耀电器,BR001172
2025-08-26,48262.83,Yuanhang Technology 远航科技,BR001173
2025-08-27,-246197.82,Yongsheng Chemicals 永盛化工,BR001174
2025-08-27,-239509.82,Lianchuang Parts 联创配件,BR001175
2025-08-27,-26771.68,Hongyu Electronics 鸿宇电子,BR001176
2025-08-27,-312.29,Huaxin Office Supplies 华信办公用品,BR001177
2025-08-27,31928.47,Longsheng Home 隆盛家居,BR001178
2025-08-27,72685.77,Qinghe Foods 清禾食品,BR001179
2025-08-27,157289.22,Anping Hardware 安平五金,BR001180
2025-08-28,-255415.58,Tianrui Materials 天瑞物资,BR001181
2025-08-28,-247238.95,Jiahe Packaging 嘉禾包装,BR001182
2025-08-28,-183516.67,Qianfeng Tax Advisory 千峰税务咨询,BR001183
2025-08-28,-1756.54,Jietu Travel Service 捷途旅行社,BR001184
2025-08-28,-571.59,Huaxin Office Supplies 华信办公用品,BR001185
2025-08-28,24875.83,Anping Hardware 安平五金,BR001186
2025-08-28,42148.08,Jinhai Industrial 金海实业,BR001187
2025-08-28,55531.25,Beichen Trading 北辰贸易,BR001188
2025-08-28,63265.04,Guangyao Electric 光耀电器,BR001189
2025-08-29,-395.74,Bank service charge 银行手续费,BR001190
2025-08-29,21909.97,Tongda Retail 通达零售,BR001191
2025-08-29,28685.49,Guangyao Electric 光耀电器,BR001192
2025-08-29,54959.48,Longsheng Home 隆盛家居,BR001193
2025-08-29,68120.75,Xinhe Distribution 信和分销,BR001194
2025-08-29,80056.16,Anping Hardware 安平五金,BR001195
2025-08-29,97172.18,Beichen Trading 北辰贸易,BR001196
2025-08-30,-2682.87,Yunfan Ticketing 云帆票务,BR001197
2025-08-31,16792.90,Tongda Retail 通达零售,BR001198
2025-08-31,36578.88,Anping Hardware 安平五金,BR001199
2025-08-31,71943.73,Shunfa Wholesale 顺发批发,BR001200
2025-08-31,103661.25,Minghui Manufacturing 明辉制造,BR001201
2025-09-01,25492.99,Guangyao Electric 光耀电器,BR001202
2025-09-01,36597.07,Jinhai Industrial 金海实业,BR001203
2025-09-01,50972.03,Anping Hardware 安平五金,BR001204
2025-09-02,-1403.86,Jiayi Printing 嘉艺印务,BR001205
2025-09-02,-412.60,Huaxin Office Supplies 华信办公用品,BR001206
2025-09-02,27057.88,Guangyao Electric 光耀电器,BR001207
2025-09-02,68267.09,Jinhai Industrial 金海实业,BR001208
2025-09-02,93015.87,Shunfa Wholesale 顺发批发,BR001209
2025-09-02,116258.33,Beichen Trading 北辰贸易,BR001210
2025-09-03,-869.52,Songhe Tea House 松鹤茶楼,BR001211
2025-09-03,24622.76,Fuyuan Supermarkets 富源超市,BR001212
2025-09-03,50904.84,Jinhai Industrial 金海实业,BR001213
2025-09-03,61121.23,Anping Hardware 安平五金,BR001214
2025-09-03,82598.05,Beichen Trading 北辰贸易,BR001215
2025-09-04,-1781.75,Yunfan Ticketing 云帆票务,BR001216
2025-09-04,222338.97,Minghui Manufacturing 明辉制造,BR001217
2025-09-05,-2815.31,Jinyue Restaurant 金悦酒楼,BR001218
2025-09-05,-2202.79,Jietu Travel Service 捷途旅行社,BR001219
2025-09-05,42574.38,Minghui Manufacturing 明辉制造,BR001220
2025-09-05,79374.00,Qinghe Foods 清禾食品,BR001221
2025-09-05,128877.05,Tongda Retail 通达零售,BR001222
2025-09-05,147715.96,Tongda Retail 通达零售,BR001223
2025-09-06,-2421.31,Yunfan Ticketing 云帆票务,BR001224
2025-09-06,-1188.48,Songhe Tea House 松鹤茶楼,BR001225
2025-09-06,-1174.14,Jiayi Printing 嘉艺印务,BR001226
2025-09-07,-60000.00,Hengtai Property 恒泰物业,BR001227
2025-09-07,-5361.81,Yunfan Ticketing 云帆票务,BR001228
2025-09-07,-694.29,Songhe Tea House 松鹤茶楼,BR001229
2025-09-07,45324.64,Beichen Trading 北辰贸易,BR001230
2025-09-08,-1637.22,Yunfan Ticketing 云帆票务,BR001231
2025-09-08,24626.34,Xinhe Distribution 信和分销,BR001232
2025-09-08,25648.88,Shunfa Wholesale 顺发批发,BR001233
2025-09-08,33573.75,Anping Hardware 安平五金,BR001234
2025-09-08,49954.00,Qinghe Foods 清禾食品,BR001235
2025-09-08,53720.28,Yuanhang Technology 远航科技,BR001236
2025-09-08,63824.34,Jinhai Industrial 金海实业,BR001237
2025-09-08,136697.70,Qinghe Foods 清禾食品,BR001238
2025-09-08,242547.09,Shunfa Wholesale 顺发批发,BR001239
2025-09-09,-2158.02,Jinyue Restaurant 金悦酒楼,BR001240
2025-09-09,-1420.05,Yunfan Ticketing 云帆票务,BR001241
2025-09-09,18919.53,Beichen Trading 北辰贸易,BR001242
2025-09-09,37060.33,Xinhe Distribution 信和分销,BR001243
2025-09-09,52564.37,Jinhai Industrial 金海实业,BR001244
2025-09-09,85434.58,Anping Hardware 安平五金,BR001245
2025-09-09,135854.93,Anping Hardware 安平五金,BR001246
2025-09-09,155944.17,Xinhe Distribution 信和分销,BR001247
2025-09-09,167845.56,Jinhai Industrial 金海实业,BR001248
2025-09-10,-4791.31,Yunfan Ticketing 云帆票务,BR001249
2025-09-10,-2530.57,Jietu Travel Service 捷途旅行社,BR001250
2025-09-10,-1505.04,Jinyue Restaurant 金悦酒楼,BR001251
2025-09-10,-1327.97,Jinyue Restaurant 金悦酒楼,BR001252
2025-09-10,-867.24,Jiayi Printing 嘉艺印务,BR001253
2025-09-10,21347.54,Yuanhang Technology 远航科技,BR001254
2025-09-10,33513.66,Guangyao Electric 光耀电器,BR001255
2025-09-10,58204.68,Guangyao Electric 光耀电器,BR001256
2025-09-10,146359.80,Yuanhang Technology 远航科技,BR001257
2025-09-11,-607056.73,Payroll batch 工资代发,BR001258
2025-09-11,-7807.05,Jietu Travel Service 捷途旅行社,BR001259
2025-09-11,-4116.35,Jietu Travel Service 捷途旅行社,BR001260
2025-09-11,-1216.15,Huaxin Office Supplies 华信办公用品,BR001261
2025-09-11,23938.03,Minghui Manufacturing 明辉制造,BR001262
2025-09-11,35963.39,Xinhe Distribution 信和分销,BR001263
2025-09-11,41112.44,Anping Hardware 安平五金,BR001264
2025-09-11,76109.83,Qinghe Foods 清禾食品,BR001265
2025-09-12,-2376.91,Jinyue Restaurant 金悦酒楼,BR001266
2025-09-12,-1838.32,Jietu Travel Service 捷途旅行社,BR001267
2025-09-12,-621.03,Jiayi Printing 嘉艺印务,BR001268
2025-09-12,49567.37,Fuyuan Supermarkets 富源超市,BR001269
2025-09-12,115390.72,Beichen Trading 北辰贸易,BR001270
2025-09-13,-2210.73,Yunfan Ticketing 云帆票务,BR001271
2025-09-13,-1290.53,Huaxin Office Supplies 华信办公用品,BR001272
2025-09-13,-1187.24,Huaxin Office Supplies 华信办公用品,BR001273
2025-09-13,-934.33,Yunfan Ticketing 云帆票务,BR001274
2025-09-13,-925.03,Huaxin Office Supplies 华信办公用品,BR001275
2025-09-14,-2060.45,Songhe Tea House 松鹤茶楼,BR001276
2025-09-14,-1342.73,Huaxin Office Supplies 华信办公用品,BR001277
2025-09-14,25467.35,Xinhe Distribution 信和分销,BR001278
2025-09-14,27508.93,Xinhe Distribution 信和分销,BR001279
2025-09-14,73080.69,Shunfa Wholesale 顺发批发,BR001280
2025-09-14,103138.84,Beichen Trading 北辰贸易,BR001281
2025-09-15,-11921.12,Yunfan Ticketing 云帆票务,BR001282
2025-09-15,-388.99,Jiayi Printing 嘉艺印务,BR001283
2025-09-15,21797.46,Qinghe Foods 清禾食品,BR001284
2025-09-15,22428.14,Yuanhang Technology 远航科技,BR001285
2025-09-15,35068.21,Fuyuan Supermarkets 富源超市,BR001286
2025-09-15,44450.32,Shunfa Wholesale 顺发批发,BR001287
2025-09-16,-10956.68,Donghu Water and Power 东湖水电,BR001288
2025-09-16,-3753.34,Yunfan Ticketing 云帆票务,BR001289
2025-09-16,-3291.22,Jietu Travel Service 捷途旅行社,BR001290
2025-09-16,-2055.11,Yunfan Ticketing 云帆票务,BR001291
2025-09-16,-1024.50,Huaxin Office Supplies 华信办公用品,BR001292
2025-09-16,-443.07,Huaxin Office Supplies 华信办公用品,BR001293
2025-09-16,-290.97,Huaxin Office Supplies 华信办公用品,BR001294
2025-09-16,37360.11,Beichen Trading 北辰贸易,BR001295
2025-09-16,96507.18,Anping Hardware 安平五金,BR001296
2025-09-17,-5617.92,Yunfan Ticketing 云帆票务,BR001297
2025-09-17,25373.97,Anping Hardware 安平五金,BR001298
2025-09-17,35235.94,Xinhe Distribution 信和分销,BR001299
2025-09-18,-2597.98,Yunfan Ticketing 云帆票务,BR001300
2025-09-18,-1826.29,Yunfan Ticketing 云帆票务,BR001301
2025-09-18,-1400.94,Jietu Travel Service 捷途旅行社,BR001302
2025-09-18,-1072.60,Huaxin Office Supplies 华信办公用品,BR001303
2025-09-18,13810.50,Guangyao Electric 光耀电器,BR001304
2025-09-18,38763.80,Xinhe Distribution 信和分销,BR001305
2025-09-18,46579.58,Longsheng Home 隆盛家居,BR001306
2025-09-18,59546.95,Beichen Trading 北辰贸易,BR001307
2025-09-19,-2540.30,Yunfan Ticketing 云帆票务,BR001308
2025-09-19,-2263.86,Songhe Tea House 松鹤茶楼,BR001309
2025-09-19,-1790.41,Jietu Travel Service 捷途旅行社,BR001310
2025-09-19,-1188.40,Huaxin Office Supplies 华信办公用品,BR001311
2025-09-19,-678.88,Jiayi Printing 嘉艺印务,BR001312
2025-09-20,-7642.18,Jietu Travel Service 捷途旅行社,BR001313
2025-09-20,-2367.21,Jinyue Restaurant 金悦酒楼,BR001314
2025-09-20,-892.62,Yunfan Ticketing 云帆票务,BR001315
2025-09-21,54799.98,Shunfa Wholesale 顺发批发,BR001316
2025-09-21,101416.49,Beichen Trading 北辰贸易,BR001317
2025-09-21,113895.55,Jinhai Industrial 金海实业,BR001318
2025-09-21,139681.05,Yuanhang Technology 远航科技,BR001319
2025-09-22,-2823.66,Yunfan Ticketing 云帆票务,BR001320
2025-09-22,-1783.10,Yunfan Ticketing 云帆票务,BR001321
2025-09-22,-1432.29,Yunfan Ticketing 云帆票务,BR001322
2025-09-22,21521.52,Fuyuan Supermarkets 富源超市,BR001323
2025-09-22,40669.75,Yuanhang Technology 远航科技,BR001324
2025-09-22,96708.87,Longsheng Home 隆盛家居,BR001325
2025-09-22,98454.50,Longsheng Home 隆盛家居,BR001326
2025-09-23,26260.08,Minghui Manufacturing 明辉制造,BR001327
2025-09-23,38686.95,Longsheng Home 隆盛家居,BR001328
2025-09-23,78125.13,Minghui Manufacturing 明辉制造,BR001329
2025-09-23,79033.39,Shunfa Wholesale 顺发批发,BR001330
2025-09-23,168878.33,Anping Hardware 安平五金,BR001331
2025-09-24,-834.43,Huaxin Office Supplies 华信办公用品,BR001332
2025-09-24,-455.01,Jiayi Printing 嘉艺印务,BR001333
2025-09-25,-264096.71,Dingxin Steel 鼎鑫钢材,BR001334
2025-09-25,-247741.03,Xingchen Advertising 星辰广告,BR001335
2025-09-25,-190715.12,Ruifeng Components 瑞丰元件,BR001336
2025-09-25,-65406.61,Wanli Facility Services 万里设施服务,BR001337
2025-09-25,-3025.15,Songhe Tea House 松鹤茶楼,BR001338
2025-09-25,-637.40,Jinyue Restaurant 金悦酒楼,BR001339
2025-09-25,23197.42,Shunfa Wholesale 顺发批发,BR001340
2025-09-26,-259093.07,Jiahe Packaging 嘉禾包装,BR001341
2025-09-26,-200258.83,Yongsheng Chemicals 永盛化工,BR001342
2025-09-26,-171822.14,Lianchuang Parts 联创配件,BR001343
2025-09-26,-149169.99,Zhiyuan Consulting 智远咨询,BR001344
2025-09-26,-115026.59,Kangda Metals 康达金属,BR001345
2025-09-26,-53363.76,Anjie Equipment Repair 安捷设备维修,BR001346
2025-09-26,22440.32,Fuyuan Supermarkets 富源超市,BR001347
2025-09-26,67098.47,Qinghe Foods 清禾食品,BR001348
2025-09-27,-374811.25,Qianfeng Tax Advisory 千峰税务咨询,BR001349
2025-09-27,-269395.30,Hongyu Electronics 鸿宇电子,BR001350
2025-09-27,-231187.09,Fangzhou Exhibition 方舟会展,BR001351
2025-09-27,-168274.17,Huamei Textiles 华美纺织,BR001352
2025-09-27,-4179.02,Yunfan Ticketing 云帆票务,BR001353
2025-09-27,-1377.10,Songhe Tea House 松鹤茶楼,BR001354
2025-09-28,-257593.60,Baocheng Plastics 宝成塑料,BR001355
2025-09-28,-180541.83,Tianrui Materials 天瑞物资,BR001356
2025-09-28,29517.86,Fuyuan Supermarkets 富源超市,BR001357
2025-09-28,58186.46,Longsheng Home 隆盛家居,BR001358
2025-09-29,-393.22,Yunfan Ticketing 云帆票务,BR001359
2025-09-29,16869.60,Fuyuan Supermarkets 富源超市,BR001360
2025-09-29,25207.08,Xinhe Distribution 信和分销,BR001361
2025-09-29,64248.25,Beichen Trading 北辰贸易,BR001362
2025-09-29,88346.07,Xinhe Distribution 信和分销,BR001363
2025-09-29,113188.83,Beichen Trading 北辰贸易,BR001364
2025-09-30,-3913.51,Yunfan Ticketing 云帆票务,BR001365
2025-09-30,-1133.42,Yunfan Ticketing 云帆票务,BR001366
2025-09-30,-949.84,Huaxin Office Supplies 华信办公用品,BR001367
2025-09-30,-120.33,Bank service charge 银行手续费,BR001368
2025-09-30,160640.45,Anping Hardware 安平五金,BR001369
2025-10-01,-924.63,Jietu Travel Service 捷途旅行社,BR001370
2025-10-08,7483.98,Minghui Manufacturing 明辉制造,BR001371
2025-10-08,20622.78,Longsheng Home 隆盛家居,BR001372
2025-10-08,44420.90,Fuyuan Supermarkets 富源超市,BR001373
2025-10-08,57337.92,Guangyao Electric 光耀电器,BR001374
2025-10-08,64919.61,Anping Hardware 安平五金,BR001375
2025-10-08,95470.19,Guangyao Electric 光耀电器,BR001376
2025-10-08,151065.56,Tongda Retail 通达零售,BR001377
2025-10-08,182524.56,Fuyuan Supermarkets 富源超市,BR001378
2025-10-09,-60000.00,Hengtai Property 恒泰物业,BR001379
2025-10-09,-1932.40,Yunfan Ticketing 云帆票务,BR001380
2025-10-09,9206.02,Anping Hardware 安平五金,BR001381
2025-10-09,27947.95,Anping Hardware 安平五金,BR001382
2025-10-09,29313.57,Tongda Retail 通达零售,BR001383
2025-10-09,31368.07,Guangyao Electric 光耀电器,BR001384
2025-10-09,33456.25,Xinhe Distribution 信和分销,BR001385
2025-10-09,34692.31,Minghui Manufacturing 明辉制造,BR001386
2025-10-09,41960.35,Minghui Manufacturing 明辉制造,BR001387
2025-10-09,45902.45,Xinhe Distribution 信和分销,BR001388
2025-10-09,51641.20,Minghui Manufacturing 明辉制造,BR001389
2025-10-09,51741.43,Longsheng Home 隆盛家居,BR001390
2025-10-09,52257.79,Shunfa Wholesale 顺发批发,BR001391
2025-10-09,56788.78,Shunfa Wholesale 顺发批发,BR001392
2025-10-09,75547.12,Beichen Trading 北辰贸易,BR001393
2025-10-09,82155.71,Shunfa Wholesale 顺发批发,BR001394
2025-10-09,90504.52,Longsheng Home 隆盛家居,BR001395
2025-10-09,96569.71,Minghui Manufacturing 明辉制造,BR001396
2025-10-09,168925.40,Jinhai Industrial 金海实业,BR001397
2025-10-10,-601681.94,Payroll batch 工资代发,BR001398
2025-10-10,-3944.24,Jietu Travel Service 捷途旅行社,BR001399
2025-10-10,-3318.85,Jinyue Restaurant 金悦酒楼,BR001400
2025-10-10,-1252.96,Jietu Travel Service 捷途旅行社,BR001401
2025-10-10,-654.12,Huaxin Office Supplies 华信办公用品,BR001402
2025-10-10,39666.11,Beichen Trading 北辰贸易,BR001403
2025-10-10,44053.57,Shunfa Wholesale 顺发批发,BR001404
2025-10-11,-1855.41,Jinyue Restaurant 金悦酒楼,BR001405
2025-10-11,-1785.79,Jietu Travel Service 捷途旅行社,BR001406
2025-10-12,17223.47,Longsheng Home 隆盛家居,BR001407
2025-10-12,21816.35,Minghui Manufacturing 明辉制造,BR001408
2025-10-12,72422.25,Tongda Retail 通达零售,BR001409
2025-10-12,127399.56,Shunfa Wholesale 顺发批发,BR001410
2025-10-13,119671.81,Shunfa Wholesale 顺发批发,BR001411
2025-10-13,189020.99,Beichen Trading 北辰贸易,BR001412
2025-10-14,46092.28,Tongda Retail 通达零售,BR001413
2025-10-14,110209.71,Qinghe Foods 清禾食品,BR001414
2025-10-15,-43446.66,Dingxin Steel 鼎鑫钢材,BR001415
2025-10-15,-4025.81,Yunfan Ticketing 云帆票务,BR001416
2025-10-15,-3390.10,Yunfan Ticketing 云帆票务,BR001417
2025-10-15,-2626.37,Jietu Travel Service 捷途旅行社,BR001418
2025-10-15,-2557.06,Jinyue Restaurant 金悦酒楼,BR001419
2025-10-15,-2341.74,Jinyue Restaurant 金悦酒楼,BR001420
2025-10-15,-1294.79,Jinyue Restaurant 金悦酒楼,BR001421
2025-10-15,-489.47,Jiayi Printing 嘉艺印务,BR001422
2025-10-15,-382.37,Huaxin Office Supplies 华信办公用品,BR001423
2025-10-15,170950.83,Guangyao Electric 光耀电器,BR001424
2025-10-16,-3531.91,Yunfan Ticketing 云帆票务,BR001425
2025-10-16,37309.50,Anping Hardware 安平五金,BR001426
2025-10-16,48720.80,Longsheng Home 隆盛家居,BR001427
2025-10-16,59930.89,Jinhai Industrial 金海实业,BR001428
2025-10-16,67131.75,Xinhe Distribution 信和分销,BR001429
2025-10-16,85029.23,Jinhai Industrial 金海实业,BR001430
2025-10-17,-10011.40,Donghu Water and Power 东湖水电,BR001431
2025-10-17,-7613.53,Jietu Travel Service 捷途旅行社,BR001432
2025-10-17,-2655.96,Yunfan Ticketing 云帆票务,BR001433
2025-10-17,-2385.72,Jietu Travel Service 捷途旅行社,BR001434
2025-10-17,-1539.67,Huaxin Office Supplies 华信办公用品,BR001435
2025-10-17,-1113.31,Jiayi Printing 嘉艺印务,BR001436
2025-10-17,-621.73,Huaxin Office Supplies 华信办公用品,BR001437
2025-10-17,40136.48,Tongda Retail 通达零售,BR001438
2025-10-18,-49064.86,Dingxin Steel 鼎鑫钢材,BR001439
2025-10-18,-44933.34,Dingxin Steel 鼎鑫钢材,BR001440
2025-10-18,-1287.14,Jinyue Restaurant 金悦酒楼,BR001441
2025-10-19,-2960.55,Songhe Tea House 松鹤茶楼,BR001442
2025-10-19,-1164.36,Jietu Travel Service 捷途旅行社,BR001443
2025-10-19,-761.33,Jiayi Printing 嘉艺印务,BR001444
2025-10-19,78514.45,Fuyuan Supermarkets 富源超市,BR001445
2025-10-19,84290.23,Anping Hardware 安平五金,BR001446
2025-10-20,-2246.68,Jiayi Printing 嘉艺印务,BR001447
2025-10-20,-2077.56,Jietu Travel Service 捷途旅行社,BR001448
2025-10-20,12484.07,Tongda Retail 通达零售,BR001449
2025-10-20,24700.07,Guangyao Electric 光耀电器,BR001450
2025-10-20,36261.85,Tongda Retail 通达零售,BR001451
2025-10-20,38883.11,Beichen Trading 北辰贸易,BR001452
2025-10-20,69376.04,Minghui Manufacturing 明辉制造,BR001453
2025-10-20,88325.01,Minghui Manufacturing 明辉制造,BR001454
2025-10-20,96668.38,Xinhe Distribution 信和分销,BR001455
2025-10-20,111558.43,Anping Hardware 安平五金,BR001456
2025-10-21,-1073.82,Songhe Tea House 松鹤茶楼,BR001457
2025-10-21,-885.00,Huaxin Office Supplies 华信办公用品,BR001458
2025-10-21,35849.75,Guangyao Electric 光耀电器,BR001459
2025-10-22,-2651.83,Jietu Travel Service 捷途旅行社,BR001460
2025-10-22,-2368.17,Jietu Travel Service 捷途旅行社,BR001461
2025-10-22,21509.08,Beichen Trading 北辰贸易,BR001462
2025-10-22,21902.99,Beichen Trading 北辰贸易,BR001463
2025-10-22,110901.73,Guangyao Electric 光耀电器,BR001464
2025-10-23,-2328.58,Jinyue Restaurant 金悦酒楼,BR001465
2025-10-23,16616.85,Longsheng Home 隆盛家居,BR001466
2025-10-23,31911.32,Fuyuan Supermarkets 富源超市,BR001467
2025-10-23,58214.10,Jinhai Industrial 金海实业,BR001468
2025-10-24,-351777.01,Xingchen Advertising 星辰广告,BR001469
2025-10-24,-104547.34,Yongsheng Chemicals 永盛化工,BR001470
2025-10-24,-85494.05,Dingxin Steel 鼎鑫钢材,BR001471
2025-10-24,-77471.24,Tianrui Materials 天瑞物资,BR001472
2025-10-24,-4795.15,Jietu Travel Service 捷途旅行社,BR001473
2025-10-24,-4030.92,Yunfan Ticketing 云帆票务,BR001474
2025-10-24,-2611.19,Jietu Travel Service 捷途旅行社,BR001475
2025-10-24,-1433.77,Jinyue Restaurant 金悦酒楼,BR001476
2025-10-24,87861.56,Jinhai Industrial 金海实业,BR001477
2025-10-25,-497971.77,Haotian Machinery 昊天机械,BR001478
2025-10-25,-281965.76,Lianchuang Parts 联创配件,BR001479
2025-10-25,-159035.50,Jiahe Packaging 嘉禾包装,BR001480
2025-10-25,-118175.59,Fangzhou Exhibition 方舟会展,BR001481
2025-10-25,-39504.42,Dingxin Steel 鼎鑫钢材,BR001482
2025-10-25,-39200.17,Anjie Equipment Repair 安捷设备维修,BR001483
2025-10-25,-768.14,Songhe Tea House 松鹤茶楼,BR001484
2025-10-26,-719654.48,Ruida Office Furniture 瑞达办公家具,BR001485
2025-10-26,-253903.66,Baocheng Plastics 宝成塑料,BR001486
2025-10-26,-203117.32,Qianfeng Tax Advisory 千峰税务咨询,BR001487
2025-10-26,-192105.57,Hongyu Electronics 鸿宇电子,BR001488
2025-10-26,-172687.21,Ruifeng Components 瑞丰元件,BR001489
2025-10-26,-148660.21,Zhiyuan Consulting 智远咨询,BR001490
2025-10-26,12786.16,Yuanhang Technology 远航科技,BR001491
2025-10-26,23094.91,Tongda Retail 通达零售,BR001492
2025-10-26,44897.26,Fuyuan Supermarkets 富源超市,BR001493
2025-10-26,50457.99,Beichen Trading 北辰贸易,BR001494
2025-10-26,111701.25,Anping Hardware 安平五金,BR001495
2025-10-27,-117306.09,Kangda Metals 康达金属,BR001496
2025-10-27,-109901.55,Huamei Textiles 华美纺织,BR001497
2025-10-27,-57977.43,Wanli Facility Services 万里设施服务,BR001498
2025-10-27,-2750.56,Jietu Travel Service 捷途旅行社,BR001499
2025-10-27,25591.75,Xinhe Distribution 信和分销,BR001500
2025-10-27,36479.12,Yuanhang Technology 远航科技,BR001501
2025-10-27,46658.40,Anping Hardware 安平五金,BR001502
2025-10-27,51828.07,Beichen Trading 北辰贸易,BR001503
2025-10-27,54333.67,Yuanhang Technology 远航科技,BR001504
2025-10-27,63342.21,Jinhai Industrial 金海实业,BR001505
2025-10-27,82650.73,Longsheng Home 隆盛家居,BR001506
2025-10-28,-3225.93,Jietu Travel Service 捷途旅行社,BR001507
2025-10-28,-671.55,Jiayi Printing 嘉艺印务,BR001508
2025-10-28,180658.78,Xinhe Distribution 信和分销,BR001509
2025-10-29,-3111.57,Jietu Travel Service 捷途旅行社,BR001510
2025-10-29,-2260.45,Jinyue Restaurant 金悦酒楼,BR001511
2025-10-29,-1277.97,Jinyue Restaurant 金悦酒楼,BR001512
2025-10-29,-1107.07,Jiayi Printing 嘉艺印务,BR001513
2025-10-29,-593.72,Jiayi Printing 嘉艺印务,BR001514
2025-10-29,44568.08,Guangyao Electric 光耀电器,BR001515
2025-10-29,54902.61,Fuyuan Supermarkets 富源超市,BR001516
2025-10-29,98143.60,Shunfa Wholesale 顺发批发,BR001517
2025-10-29,99432.96,Shunfa Wholesale 顺发批发,BR001518
2025-10-29,117323.45,Minghui Manufacturing 明辉制造,BR001519
2025-10-30,-5814.93,Yunfan Ticketing 云帆票务,BR001520
2025-10-30,-1807.95,Songhe Tea House 松鹤茶楼,BR001521
2025-10-30,49946.60,Xinhe Distribution 信和分销,BR001522
2025-10-30,54139.59,Qinghe Foods 清禾食品,BR001523
2025-10-31,-1824.01,Jietu Travel Service 捷途旅行社,BR001524
2025-10-31,-606.08,Huaxin Office Supplies 华信办公用品,BR001525
2025-10-31,-554.82,Jiayi Printing 嘉艺印务,BR001526
2025-10-31,-417.96,Jiayi Printing 嘉艺印务,BR001527
2025-10-31,-227.30,Bank service charge 银行手续费,BR001528
2025-10-31,26902.02,Tongda Retail 通达零售,BR001529
2025-10-31,28712.72,Beichen Trading 北辰贸易,BR001530
2025-10-31,29084.51,Jinhai Industrial 金海实业,BR001531
2025-10-31,66993.19,Longsheng Home 隆盛家居,BR001532
2025-10-31,87292.76,Longsheng Home 隆盛家居,BR001533
2025-10-31,90379.47,Tongda Retail 通达零售,BR001534
2025-11-01,-1560.39,Yunfan Ticketing 云帆票务,BR001535
2025-11-02,30971.38,Shunfa Wholesale 顺发批发,BR001536
2025-11-02,46717.69,Xinhe Distribution 信和分销,BR001537
2025-11-02,155877.85,Shunfa Wholesale 顺发批发,BR001538
2025-11-03,29503.52,Shunfa Wholesale 顺发批发,BR001539
2025-11-03,33620.38,Xinhe Distribution 信和分销,BR001540
2025-11-03,51195.73,Qinghe Foods 清禾食品,BR001541
2025-11-03,54514.76,Tongda Retail 通达零售,BR001542
2025-11-05,-60000.00,Hengtai Property 恒泰物业,BR001543
2025-11-05,-4293.30,Jietu Travel Service 捷途旅行社,BR001544
2025-11-05,-3688.97,Yunfan Ticketing 云帆票务,BR001545
2025-11-05,-2162.77,Jinyue Restaurant 金悦酒楼,BR001546
2025-11-05,-809.84,Jiayi Printing 嘉艺印务,BR001547
2025-11-05,72573.81,Longsheng Home 隆盛家居,BR001548
2025-11-06,-1079.83,Jiayi Printing 嘉艺印务,BR001549
2025-11-07,-7336.63,Jietu Travel Service 捷途旅行社,BR001550
2025-11-07,-6889.34,Songhe Tea House 松鹤茶楼,BR001551
2025-11-07,12432.76,Anping Hardware 安平五金,BR001552
2025-11-07,48307.41,Guangyao Electric 光耀电器,BR001553
2025-11-08,-2643.42,Jietu Travel Service 捷途旅行社,BR001554
2025-11-08,-1617.42,Jiayi Printing 嘉艺印务,BR001555
2025-11-08,-667.28,Huaxin Office Supplies 华信办公用品,BR001556
2025-11-09,-2914.37,Yunfan Ticketing 云帆票务,BR001557
2025-11-09,40480.84,Tongda Retail 通达零售,BR001558
2025-11-09,78119.66,Fuyuan Supermarkets 富源超市,BR001559
2025-11-10,-599724.76,Payroll batch 工资代发,BR001560
2025-11-10,17260.12,Shunfa Wholesale 顺发批发,BR001561
2025-11-10,18596.20,Yuanhang Technology 远航科技,BR001562
2025-11-10,33759.62,Xinhe Distribution 信和分销,BR001563
2025-11-11,-2643.06,Jinyue Restaurant 金悦酒楼,BR001564
2025-11-11,-2603.68,Huaxin Office Supplies 华信办公用品,BR001565
2025-11-11,-1613.50,Songhe Tea House 松鹤茶楼,BR001566
2025-11-11,-1459.28,Jiayi Printing 嘉艺印务,BR001567
2025-11-11,23032.59,Minghui Manufacturing 明辉制造,BR001568
2025-11-11,37998.30,Tongda Retail 通达零售,BR001569
2025-11-11,49442.07,Longsheng Home 隆盛家居,BR001570
2025-11-12,-4354.55,Yunfan Ticketing 云帆票务,BR001571
2025-11-12,-3093.66,Jietu Travel Service 捷途旅行社,BR001572
2025-11-12,-2350.87,Yunfan Ticketing 云帆票务,BR001573
2025-11-12,-2186.54,Yunfan Ticketing 云帆票务,BR001574
2025-11-12,-701.45,Huaxin Office Supplies 华信办公用品,BR001575
2025-11-12,32583.37,Jinhai Industrial 金海实业,BR001576
2025-11-12,43160.68,Fuyuan Supermarkets 富源超市,BR001577
2025-11-12,76526.90,Yuanhang Technology 远航科技,BR001578
2025-11-13,-1346.60,Jinyue Restaurant 金悦酒楼,BR001579
2025-11-13,-589.68,Huaxin Office Supplies 华信办公用品,BR001580
2025-11-13,24833.45,Fuyuan Supermarkets 富源超市,BR001581
2025-11-13,58299.05,Shunfa Wholesale 顺发批发,BR001582
2025-11-14,-1936.27,Jietu Travel Service 捷途旅行社,BR001583
2025-11-14,-1147.14,Jiayi Printing 嘉艺印务,BR001584
2025-11-14,33608.57,Beichen Trading 北辰贸易,BR001585
2025-11-15,-2205.49,Jietu Travel Service 捷途旅行社,BR001586
2025-11-15,-839.42,Yunfan Ticketing 云帆票务,BR001587
2025-11-16,-2325.59,Jietu Travel Service 捷途旅行社,BR001588
2025-11-16,84722.07,Beichen Trading 北辰贸易,BR001589
2025-11-16,121509.21,Anping Hardware 安平五金,BR001590
2025-11-17,31107.17,Tongda Retail 通达零售,BR001591
2025-11-17,40797.20,Longsheng Home 隆盛家居,BR001592
2025-11-17,41724.89,Minghui Manufacturing 明辉制造,BR001593
2025-11-17,56791.71,Jinhai Industrial 金海实业,BR001594
2025-11-17,102895.80,Tongda Retail 通达零售,BR001595
2025-11-18,-2456.62,Jietu Travel Service 捷途旅行社,BR001596
2025-11-18,-1662.27,Jinyue Restaurant 金悦酒楼,BR001597
2025-11-18,-1013.54,Jinyue Restaurant 金悦酒楼,BR001598
2025-11-18,62680.16,Longsheng Home 隆盛家居,BR001599
2025-11-18,116563.94,Tongda Retail 通达零售,BR001600
2025-11-19,-3838.95,Songhe Tea House 松鹤茶楼,BR001601
2025-11-19,-2788.23,Jinyue Restaurant 金悦酒楼,BR001602
2025-11-19,-2060.50,Jiayi Printing 嘉艺印务,BR001603
2025-11-19,-1682.06,Yunfan Ticketing 云帆票务,BR001604
2025-11-19,-663.96,Huaxin Office Supplies 华信办公用品,BR001605
2025-11-19,58548.18,Minghui Manufacturing 明辉制造,BR001606
2025-11-19,125583.19,Qinghe Foods 清禾食品,BR001607
2025-11-20,-10357.08,Donghu Water and Power 东湖水电,BR001608
2025-11-20,-5382.67,Yunfan Ticketing 云帆票务,BR001609
2025-11-20,-3620.70,Yunfan Ticketing 云帆票务,BR001610
2025-11-20,-1573.91,Jinyue Restaurant 金悦酒楼,BR001611
2025-11-20,12950.90,Tongda Retail 通达零售,BR001612
2025-11-20,36736.31,Qinghe Foods 清禾食品,BR001613
2025-11-20,64372.52,Tongda Retail 通达零售,BR001614
2025-11-20,143431.59,Guangyao Electric 光耀电器,BR001615
2025-11-21,-4607.63,Jietu Travel Service 捷途旅行社,BR001616
2025-11-21,-2732.12,Yunfan Ticketing 云帆票务,BR001617
2025-11-21,31915.49,Anping Hardware 安平五金,BR001618
2025-11-22,-1948.28,Yunfan Ticketing 云帆票务,BR001619
2025-11-22,-421.80,Jiayi Printing 嘉艺印务,BR001620
2025-11-23,-495.37,Jietu Travel Service 捷途旅行社,BR001621
2025-11-23,32259.35,Xinhe Distribution 信和分销,BR001622
2025-11-25,-144378.54,Huamei Textiles 华美纺织,BR001623
2025-11-25,-112703.41,Fangzhou Exhibition 方舟会展,BR001624
2025-11-25,-4312.91,Yunfan Ticketing 云帆票务,BR001625
2025-11-25,-3233.09,Jinyue Restaurant 金悦酒楼,BR001626
2025-11-25,-2033.01,Jietu Travel Service 捷途旅行社,BR001627
2025-11-25,-1825.79,Jietu Travel Service 捷途旅行社,BR001628
2025-11-25,-1163.48,Jiayi Printing 嘉艺印务,BR001629
2025-11-25,27298.12,Minghui Manufacturing 明辉制造,BR001630
2025-11-25,73256.89,Guangyao Electric 光耀电器,BR001631
2025-11-25,74792.04,Beichen Trading 北辰贸易,BR001632
2025-11-26,-221171.62,Lianchuang Parts 联创配件,BR001633
2025-11-26,-183279.64,Qianfeng Tax Advisory 千峰税务咨询,BR001634
2025-11-26,-175404.80,Yongsheng Chemicals 永盛化工,BR001635
2025-11-26,-161443.27,Zhiyuan Consulting 智远咨询,BR001636
2025-11-26,-135645.98,Baocheng Plastics 宝成塑料,BR001637
2025-11-26,-125726.06,Xingchen Advertising 星辰广告,BR001638
2025-11-26,-91229.93,Jiahe Packaging 嘉禾包装,BR001639
2025-11-26,-81319.27,Tianrui Materials 天瑞物资,BR001640
2025-11-26,-61656.86,Anjie Equipment Repair 安捷设备维修,BR001641
2025-11-26,-3323.99,Jietu Travel Service 捷途旅行社,BR001642
2025-11-26,-2345.53,Songhe Tea House 松鹤茶楼,BR001643
2025-11-26,-1262.43,Songhe Tea House 松鹤茶楼,BR001644
2025-11-26,10969.05,Beichen Trading 北辰贸易,BR001645
2025-11-26,34348.01,Jinhai Industrial 金海实业,BR001646
2025-11-26,58066.63,Guangyao Electric 光耀电器,BR001647
2025-11-26,125521.20,Xinhe Distribution 信和分销,BR001648
2025-11-27,-143185.52,Dingxin Steel 鼎鑫钢材,BR001649
2025-11-27,-131171.02,Kangda Metals 康达金属,BR001650
2025-11-27,-106733.82,Ruifeng Components 瑞丰元件,BR001651
2025-11-27,-93183.31,Hongyu Electronics 鸿宇电子,BR001652
2025-11-27,-48570.91,Wanli Facility Services 万里设施服务,BR001653
2025-11-27,-3473.13,Yunfan Ticketing 云帆票务,BR001654
2025-11-27,-2852.97,Jietu Travel Service 捷途旅行社,BR001655
2025-11-27,-1801.13,Jietu Travel Service 捷途旅行社,BR001656
2025-11-27,-1370.22,Jietu Travel Service 捷途旅行社,BR001657
2025-11-27,-968.02,Jiayi Printing 嘉艺印务,BR001658
2025-11-27,-313.45,Jiayi Printing 嘉艺印务,BR001659
2025-11-28,-3813.04,Jietu Travel Service 捷途旅行社,BR001660
2025-11-28,-2318.17,Yunfan Ticketing 云帆票务,BR001661
2025-11-28,-142.14,Bank service charge 银行手续费,BR001662
2025-11-29,-3978.14,Songhe Tea House 松鹤茶楼,BR001663
2025-11-29,-608.64,Huaxin Office Supplies 华信办公用品,BR001664
2025-11-30,-1079.80,Songhe Tea House 松鹤茶楼,BR001665
2025-11-30,46670.58,Minghui Manufacturing 明辉制造,BR001666
2025-12-01,-1752.69,Yunfan Ticketing 云帆票务,BR001667
2025-12-01,22258.79,Fuyuan Supermarkets 富源超市,BR001668
2025-12-01,36646.56,Yuanhang Technology 远航科技,BR001669
2025-12-01,40983.54,Anping Hardware 安平五金,BR001670
2025-12-01,63876.85,Jinhai Industrial 金海实业,BR001671
2025-12-01,135520.04,Fuyuan Supermarkets 富源超市,BR001672
2025-12-02,-2634.66,Jinyue Restaurant 金悦酒楼,BR001673
2025-12-02,-1743.39,Jinyue Restaurant 金悦酒楼,BR001674
2025-12-03,-7646.34,Jietu Travel Service 捷途旅行社,BR001675
2025-12-03,-3625.84,Jietu Travel Service 捷途旅行社,BR001676
2025-12-03,-2470.25,Jietu Travel Service 捷途旅行社,BR001677
2025-12-03,-2166.69,Jietu Travel Service 捷途旅行社,BR001678
2025-12-03,20723.59,Qinghe Foods 清禾食品,BR001679
2025-12-03,57722.71,Longsheng Home 隆盛家居,BR001680
2025-12-04,-4605.03,Jietu Travel Service 捷途旅行社,BR001681
2025-12-04,-2545.25,Jietu Travel Service 捷途旅行社,BR001682
2025-12-04,-1770.15,Songhe Tea House 松鹤茶楼,BR001683
2025-12-04,-1379.56,Songhe Tea House 松鹤茶楼,BR001684
2025-12-04,-794.38,Jinyue Restaurant 金悦酒楼,BR001685
2025-12-04,36796.39,Qinghe Foods 清禾食品,BR001686
2025-12-04,154754.40,Xinhe Distribution 信和分销,BR001687
2025-12-05,-60000.00,Hengtai Property 恒泰物业,BR001688
2025-12-05,-5150.72,Yunfan Ticketing 云帆票务,BR001689
2025-12-05,-1985.04,Jinyue Restaurant 金悦酒楼,BR001690
2025-12-05,-1411.17,Jinyue Restaurant 金悦酒楼,BR001691
2025-12-05,-1230.02,Jinyue Restaurant 金悦酒楼,BR001692
2025-12-05,-1139.15,Jietu Travel Service 捷途旅行社,BR001693
2025-12-05,25959.56,Qinghe Foods 清禾食品,BR001694
2025-12-05,40691.81,Tongda Retail 通达零售,BR001695
2025-12-06,-1264.24,Jietu Travel Service 捷途旅行社,BR001696
2025-12-07,-2999.86,Yunfan Ticketing 云帆票务,BR001697
2025-12-07,-724.31,Huaxin Office Supplies 华信办公用品,BR001698
2025-12-07,-609.82,Huaxin Office Supplies 华信办公用品,BR001699
2025-12-07,53211.07,Yuanhang Technology 远航科技,BR001700
2025-12-07,55047.34,Yuanhang Technology 远航科技,BR001701
2025-12-07,59032.83,Guangyao Electric 光耀电器,BR001702
2025-12-07,145889.64,Yuanhang Technology 远航科技,BR001703
2025-12-08,-1364.94,Jietu Travel Service 捷途旅行社,BR001704
2025-12-09,-3397.05,Jietu Travel Service 捷途旅行社,BR001705
2025-12-09,-3116.61,Yunfan Ticketing 云帆票务,BR001706
2025-12-09,-2143.23,Jietu Travel Service 捷途旅行社,BR001707
2025-12-09,-1353.70,Jinyue Restaurant 金悦酒楼,BR001708
2025-12-09,-662.72,Jiayi Printing 嘉艺印务,BR001709
2025-12-09,18951.05,Tongda Retail 通达零售,BR001710
2025-12-09,23109.54,Yuanhang Technology 远航科技,BR001711
2025-12-09,57765.45,Tongda Retail 通达零售,BR001712
2025-12-10,-605531.52,Payroll batch 工资代发,BR001713
2025-12-10,-3450.06,Yunfan Ticketing 云帆票务,BR001714
2025-12-10,-1540.90,Jietu Travel Service 捷途旅行社,BR001715
2025-12-10,-1461.52,Songhe Tea House 松鹤茶楼,BR001716
2025-12-10,-1049.07,Huaxin Office Supplies 华信办公用品,BR001717
2025-12-10,-671.78,Huaxin Office Supplies 华信办公用品,BR001718
2025-12-10,-624.68,Jiayi Printing 嘉艺印务,BR001719
2025-12-10,22593.53,Longsheng Home 隆盛家居,BR001720
2025-12-10,42443.72,Qinghe Foods 清禾食品,BR001721
2025-12-10,65799.10,Tongda Retail 通达零售,BR001722
2025-12-10,65910.48,Jinhai Industrial 金海实业,BR001723
2025-12-10,87020.33,Longsheng Home 隆盛家居,BR001724
2025-12-10,91411.02,Shunfa Wholesale 顺发批发,BR001725
2025-12-11,-3224.79,Yunfan Ticketing 云帆票务,BR001726
2025-12-11,-1270.99,Yunfan Ticketing 云帆票务,BR001727
2025-12-11,-921.25,Jiayi Printing 嘉艺印务,BR001728
2025-12-11,-688.26,Jinyue Restaurant 金悦酒楼,BR001729
2025-12-11,37741.66,Fuyuan Supermarkets 富源超市,BR001730
2025-12-11,39240.05,Fuyuan Supermarkets 富源超市,BR001731
2025-12-11,73791.07,Jinhai Industrial 金海实业,BR001732
2025-12-11,143566.88,Beichen Trading 北辰贸易,BR001733
2025-12-12,-717.68,Jiayi Printing 嘉艺印务,BR001734
2025-12-12,103283.88,Yuanhang Technology 远航科技,BR001735
2025-12-13,-2102.51,Yunfan Ticketing 云帆票务,BR001736
2025-12-14,153679.18,Longsheng Home 隆盛家居,BR001737
2025-12-15,-13599.91,Donghu Water and Power 东湖水电,BR001738
2025-12-15,-2059.26,Jietu Travel Service 捷途旅行社,BR001739
2025-12-15,-1363.10,Jinyue Restaurant 金悦酒楼,BR001740
2025-12-15,28790.87,Xinhe Distribution 信和分销,BR001741
2025-12-15,41336.95,Tongda Retail 通达零售,BR001742
2025-12-15,47914.76,Xinhe Distribution 信和分销,BR001743
2025-12-15,54881.17,Guangyao Electric 光耀电器,BR001744
2025-12-15,60873.34,Minghui Manufacturing 明辉制造,BR001745
2025-12-15,62810.20,Fuyuan Supermarkets 富源超市,BR001746
2025-12-15,96821.54,Beichen Trading 北辰贸易,BR001747
2025-12-16,-22625.79,Social insurance direct debit 社保代扣,BR001748
2025-12-16,-818.33,Huaxin Office Supplies 华信办公用品,BR001749
2025-12-16,27315.38,Yuanhang Technology 远航科技,BR001750
2025-12-17,-1737.72,Jinyue Restaurant 金悦酒楼,BR001751
2025-12-17,32038.87,Fuyuan Supermarkets 富源超市,BR001752
2025-12-18,-2782.88,Yunfan Ticketing 云帆票务,BR001753
2025-12-18,-2553.82,Jietu Travel Service 捷途旅行社,BR001754
2025-12-18,-2360.62,Yunfan Ticketing 云帆票务,BR001755
2025-12-18,-2284.61,Yunfan Ticketing 云帆票务,BR001756
2025-12-18,-981.16,Jinyue Restaurant 金悦酒楼,BR001757
2025-12-18,-565.36,Jiayi Printing 嘉艺印务,BR001758
2025-12-18,-503.20,Huaxin Office Supplies 华信办公用品,BR001759
2025-12-18,27341.82,Xinhe Distribution 信和分销,BR001760
2025-12-18,45758.50,Jinhai Industrial 金海实业,BR001761
2025-12-18,94452.72,Jinhai Industrial 金海实业,BR001762
2025-12-18,112063.50,Shunfa Wholesale 顺发批发,BR001763
2025-12-18,134369.53,Guangyao Electric 光耀电器,BR001764
2025-12-19,-2244.82,Jiayi Printing 嘉艺印务,BR001765
2025-12-20,-571.15,Huaxin Office Supplies 华信办公用品,BR001766
2025-12-21,-2408.71,Yunfan Ticketing 云帆票务,BR001767
2025-12-21,30895.16,Jinhai Industrial 金海实业,BR001768
2025-12-21,46235.57,Minghui Manufacturing 明辉制造,BR001769
2025-12-21,51888.59,Guangyao Electric 光耀电器,BR001770
2025-12-21,72415.34,Tongda Retail 通达零售,BR001771
2025-12-22,20580.31,Beichen Trading 北辰贸易,BR001772
2025-12-22,29045.47,Fuyuan Supermarkets 富源超市,BR001773
2025-12-22,36098.96,Jinhai Industrial 金海实业,BR001774
2025-12-22,42837.60,Shunfa Wholesale 顺发批发,BR001775
2025-12-22,44321.30,Yuanhang Technology 远航科技,BR001776
2025-12-22,45332.00,Minghui Manufacturing 明辉制造,BR001777
2025-12-22,65604.64,Xinhe Distribution 信和分销,BR001778
2025-12-22,93640.17,Beichen Trading 北辰贸易,BR001779
2025-12-22,130779.66,Jinhai Industrial 金海实业,BR001780
2025-12-23,-1922.06,Huaxin Office Supplies 华信办公用品,BR001781
2025-12-23,94885.46,Jinhai Industrial 金海实业,BR001782
2025-12-24,-5965.39,Donghu Telecom 东湖通信,BR001783
2025-12-24,-1902.56,Songhe Tea House 松鹤茶楼,BR001784
2025-12-24,-1292.44,Yunfan Ticketing 云帆票务,BR001785
2025-12-24,-1057.43,Songhe Tea House 松鹤茶楼,BR001786
2025-12-24,-689.36,Jiayi Printing 嘉艺印务,BR001787
2025-12-24,-511.84,Jiayi Printing 嘉艺印务,BR001788
2025-12-24,29972.33,Jinhai Industrial 金海实业,BR001789
2025-12-24,52392.25,Minghui Manufacturing 明辉制造,BR001790
2025-12-24,64123.64,Tongda Retail 通达零售,BR001791
2025-12-24,114324.80,Tongda Retail 通达零售,BR001792
2025-12-25,-260144.73,Hongyu Electronics 鸿宇电子,BR001793
2025-12-25,-227772.38,Qianfeng Tax Advisory 千峰税务咨询,BR001794
2025-12-25,-225073.57,Zhiyuan Consulting 智远咨询,BR001795
2025-12-25,-211809.47,Yongsheng Chemicals 永盛化工,BR001796
2025-12-25,-174452.18,Jiahe Packaging 嘉禾包装,BR001797
2025-12-25,-5229.41,Songhe Tea House 松鹤茶楼,BR001798
2025-12-25,54565.60,Qinghe Foods 清禾食品,BR001799
2025-12-25,73545.77,Anping Hardware 安平五金,BR001800
2025-12-25,101938.50,Jinhai Industrial 金海实业,BR001801
2025-12-26,-804120.86,Ruida Office Furniture 瑞达办公家具,BR001802
2025-12-26,-255621.52,Tianrui Materials 天瑞物资,BR001803
2025-12-26,-195773.13,Kangda Metals 康达金属,BR001804
2025-12-26,-160444.00,Baocheng Plastics 宝成塑料,BR001805
2025-12-26,-158301.58,Lianchuang Parts 联创配件,BR001806
2025-12-26,-141375.39,Ruifeng Components 瑞丰元件,BR001807
2025-12-26,-130991.64,Huamei Textiles 华美纺织,BR001808
2025-12-26,-100987.08,Wanli Facility Services 万里设施服务,BR001809
2025-12-26,-96163.51,Dingxin Steel 鼎鑫钢材,BR001810
2025-12-26,-2118.97,Songhe Tea House 松鹤茶楼,BR001811
2025-12-26,-870.45,Songhe Tea House 松鹤茶楼,BR001812
2025-12-26,-847.61,Jietu Travel Service 捷途旅行社,BR001813
2025-12-27,-205968.87,Fangzhou Exhibition 方舟会展,BR001814
2025-12-27,-2501.25,Huaxin Office Supplies 华信办公用品,BR001815
2025-12-27,-1910.79,Yunfan Ticketing 云帆票务,BR001816
2025-12-27,-447.57,Huaxin Office Supplies 华信办公用品,BR001817
2025-12-28,23520.78,Anping Hardware 安平五金,BR001818
2025-12-28,48986.42,Yuanhang Technology 远航科技,BR001819
2025-12-28,56254.38,Qinghe Foods 清禾食品,BR001820
2025-12-28,56484.89,Shunfa Wholesale 顺发批发,BR001821
2025-12-28,116496.47,Qinghe Foods 清禾食品,BR001822
2025-12-29,27505.48,Beichen Trading 北辰贸易,BR001823
2025-12-29,29715.23,Tongda Retail 通达零售,BR001824
2025-12-29,30650.98,Guangyao Electric 光耀电器,BR001825
2025-12-29,46073.73,Guangyao Electric 光耀电器,BR001826
2025-12-29,46571.15,Tongda Retail 通达零售,BR001827
2025-12-29,47874.62,Beichen Trading 北辰贸易,BR001828
2025-12-29,50682.24,Anping Hardware 安平五金,BR001829
2025-12-29,51384.52,Fuyuan Supermarkets 富源超市,BR001830
2025-12-29,209222.55,Xinhe Distribution 信和分销,BR001831
2025-12-30,-4052.00,Yunfan Ticketing 云帆票务,BR001832
2025-12-30,-826.68,Huaxin Office Supplies 华信办公用品,BR001833
2025-12-30,-796.09,Jiayi Printing 嘉艺印务,BR001834
2025-12-30,-668.93,Jiayi Printing 嘉艺印务,BR001835
2025-12-30,27674.84,Beichen Trading 北辰贸易,BR001836
2025-12-30,58240.12,Yuanhang Technology 远航科技,BR001837
2025-12-30,129271.84,Yuanhang Technology 远航科技,BR001838
2025-12-30,142455.28,Guangyao Electric 光耀电器,BR001839
2025-12-30,159144.50,Minghui Manufacturing 明辉制造,BR001840
2025-12-31,-3705.83,Yunfan Ticketing 云帆票务,BR001841
2025-12-31,-3068.55,Yunfan Ticketing 云帆票务,BR001842
2025-12-31,-1321.03,Huaxin Office Supplies 华信办公用品,BR001843
2025-12-31,-324.89,Bank service charge 银行手续费,BR001844
2025-12-31,59202.16,Minghui Manufacturing 明辉制造,BR001845
2025-12-31,75514.33,Guangyao Electric 光耀电器,BR001846
